Station,Prediction(minutes),Avg Error(Actual - Prediction),Standard Deviation,List of Error values
BLO1,1,0.184,0.217540801,"[0.05, 0.03, 0.28, 0.48, 0.03, 0.23, 0.08, -0.19, 0.28, 0.57]"
BLO1,2,0.2675,0.263355748,"[0.03, 0.05, 0.65, 0.11, 0.38, 0.1, 0.03, 0.67, 0.15, 0.43, 0.34, -0.2, 0.58, 0.15, 0.12, 0.69]"
BLO1,3,0.747142857,0.210286491,"[0.46, 0.32, 0.81, 0.56, 1.03, 1.11, 0.88, 0.6, 0.84, 0.58, 0.61, 1.17, 0.83, 0.8, 0.51, 0.58, 0.78, 0.66, 0.81, 0.89, 0.86]"
BLO1,4,1.275,0.459896728,"[1.71, 1.2, 1.05, 1.26, 0.96, 0.86, 0.9, 1.11, 1.23, 2.47]"
BLO1,5,2.172857143,0.63400573,"[1.45, 1.99, 1.71, 1.67, 2.44, 2.51, 3.44]"
BLO1,6,2.215,0.438206572,"[2.04, 2.96, 2.03, 1.83]"
ROS1,1,0.995384615,2.132797424,"[-0.13, 0.2, -0.3, -0.05, -0.17, 2.34, 0.22, -0.17, 7.85, 0.14, 1.42, 1.62, -0.03]"
ROS1,2,0.830714286,1.305102428,"[0.09, 4.6, 0.19, -0.06, 0.07, 2.25, 0.0, -0.12, 1.39, 2.09, 0.83, 0.09, -0.21, 0.42]"
ROS1,3,1.000526316,0.652295329,"[0.38, 0.3, 0.68, 0.92, 0.9, 0.97, 0.95, 1.25, 0.73, 0.45, 2.02, 2.02, 2.18, 0.4, 2.4, 0.27, 0.68, 0.98, 0.53]"
ROS1,4,0.9225,0.362792985,"[0.72, 0.52, 1.49, 0.96]"
ROS1,5,1.184,0.574215987,"[1.51, 1.04, 1.31, 0.7, 0.75, 1.11, 0.38, 1.03, 1.41, 2.6]"
ROS1,6,1.83,0.44770526,"[1.92, 1.56, 2.54, 1.89, 1.54, 1.32, 1.02, 2.03, 2.1, 2.38]"
SUM1,1,0.176666667,0.08615232,"[0.18, 0.17, 0.16, 0.02, 0.22, 0.31]"
SUM1,2,0.895238095,1.945915427,"[-0.15, 4.14, 0.34, -0.03, -0.08, 0.02, 1.21, 1.27, -0.01, 0.08, -0.06, 1.26, 8.29, -0.16, 2.26, 0.54, 0.34, -0.11, -0.16, -0.28, 0.09]"
SUM1,3,0.897777778,0.665528658,"[-0.03, 0.17, 0.42, 0.76, 0.66, 0.94, 0.91, 0.76, 0.52, 1.97, 2.01, 2.27, 0.54, 2.0, 0.49, 0.61, 0.74, 0.42]"
SUM1,4,0.885,0.612038942,"[0.17, 0.21, 1.12, 0.55, 1.67, 1.59]"
SUM1,5,1.131111111,0.479593449,"[1.45, 1.03, 0.71, 0.68, 0.96, 1.38, 0.88, 0.81, 2.28]"
SUM1,6,1.5,0.469112638,"[0.72, 1.37, 1.33, 1.43, 2.08, 2.07]"
SUM1,7,1.75,0.605516309,"[1.12, 2.5, 1.19, 2.19]"
STC1,1,0.031,0.525670049,"[-0.44, -0.11, -0.12, -0.33, -0.66, -0.41, 0.67, 0.06, 0.94, 0.71]"
STC1,2,0.048888889,0.15416041,"[0.15, -0.14, 0.05, 0.27, 0.14, 0.09, 0.13, 0.02, -0.27]"
STC1,3,0.3725,0.180121487,"[0.42, 0.09, 0.57, 0.3, 0.4, 0.11, 0.59, 0.5]"
STC1,4,0.806190476,1.73840506,"[-0.16, 0.18, 0.27, 0.21, -0.08, -0.21, 0.41, 0.58, 0.65, 0.51, 0.56, 0.26, -0.04, 1.3, 0.96, -0.06, 8.36, 0.42, 0.9, 0.98, 0.93]"
STC1,5,0.924,0.457847136,"[0.92, 0.98, 0.91, 0.46, 0.96, 0.43, 0.63, 1.36, 0.56, 2.03]"
STC1,6,1.09,0.297388635,"[0.63, 0.88, 1.23, 1.24, 1.47]"
STC1,7,1.415,0.246492055,"[1.39, 1.92, 1.24, 1.21, 1.24, 1.49]"
DAV1,1,-0.44,0,[-0.44]
DAV1,2,-0.62625,0.157077807,"[-0.6, -0.46, -0.75, -0.43, -0.63, -0.5, -0.93, -0.71]"
DAV1,3,-0.425882353,0.338422966,"[-0.29, 0.08, 0.14, -0.72, -0.71, -0.68, 0.08, -0.63, -0.51, -0.65, -0.21, 0.01, -0.17, -0.83, -0.85, -0.75, -0.55]"
DAV1,4,0.077058824,0.310479036,"[-0.04, -0.17, 0.05, -0.14, -0.32, 0.06, -0.32, -0.3, -0.04, 0.28, 0.13, -0.12, 0.41, 0.26, 0.6, 0.16, 0.81]"
DAV1,5,0.1325,0.16573699,"[0.34, -0.04, 0.25, -0.02]"
DAV1,6,0.252307692,0.451154994,"[0.65, 0.13, 0.15, 0.08, 0.02, -0.05, 0.95, 1.16, -0.59, 0.05, 0.02, 0.08, 0.63]"
DAV1,7,0.737142857,0.386844904,"[0.75, 0.21, 0.6, 0.56, 0.45, 1.38, 1.21]"
DAV1,8,0.99,0,[0.99]
EGL1,1,0.361818182,0.250882739,"[0.64, 0.97, 0.25, 0.29, 0.2, 0.39, 0.3, 0.17, 0.29, -0.01, 0.49]"
EGL1,2,-0.021538462,0.288493332,"[-0.43, -0.06, -0.06, -0.54, -0.09, 0.1, 0.03, -0.3, 0.55, 0.14, 0.3, -0.16, 0.24]"
EGL1,3,-0.38,0.201068574,"[-0.09, -0.29, -0.26, -0.64, -0.54, -0.62, -0.22]"
EGL1,4,-0.06,0.297260217,"[-0.4, -0.32, -0.02, -0.18, -0.33, -0.32, -0.28, 0.08, 0.33, 0.33, 0.45]"
EGL1,5,0.065714286,0.295628007,"[-0.27, 0.32, -0.45, 0.1, 0.27, 0.07, 0.42]"
EGL1,6,0.241666667,0.216596142,"[0.5, 0.05, 0.22, 0.06, 0.05, 0.57]"
EGL1,7,0.37875,0.166616138,"[0.18, 0.11, 0.26, 0.51, 0.47, 0.39, 0.49, 0.62]"
LAW1,1,-0.22,0.043204938,"[-0.24, -0.16, -0.26]"
LAW1,2,-0.956666667,0.112644968,"[-0.8, -1.01, -1.06]"
LAW1,3,-1.32,0.454972527,"[-0.64, -1.48, -1.26, -1.9]"
LAW1,4,-0.896956522,1.037389847,"[-1.39, -2.01, -1.44, -2.04, 0.38, -1.96, -1.26, -0.14, 1.79, -0.06, -1.77, 0.61, 0.36, -1.64, -1.62, -1.76, -0.81, 0.61, -1.51, -0.83, -1.86, -0.87, -1.41]"
LAW1,5,-0.505,0.953559122,"[-0.16, -1.3, -1.46, 0.9]"
LAW1,6,-0.781538462,1.314597605,"[1.56, -1.41, -1.37, -1.04, -1.53, -1.83, -1.76, 2.73, -1.35, -0.83, -0.77, -1.73, -0.83]"
LAW1,7,-1.343333333,0.356401771,"[-1.73, -1.43, -0.87]"
LAW1,8,-0.135,2.528245439,"[-1.86, -1.62, 4.23, -1.29]"
LAW1,9,-1.0575,0.614079596,"[-0.12, -1.31, 0.05, -1.57, -1.53, -1.52, -1.44, -1.02]"
LAW1,11,-0.77,0,[-0.77]
YKM1,1,-0.286666667,0.156276109,"[-0.49, -0.11, -0.26]"
YKM1,2,-0.956666667,0.204341762,"[-1.2, -0.7, -0.97]"
YKM1,3,-1.07,0.351958804,"[-0.92, -0.32, -1.2, -1.48, -0.92, -1.51, -1.07, -1.14]"
YKM1,4,-1.09,0.419428182,"[-1.05, -0.13, -1.25, -0.83, -1.42, -0.86, -1.68, -1.06, -1.05, -1.57]"
YKM1,6,-2.086666667,0.482585629,"[-1.1, -2.6, -2.32, -2.0, -2.4, -2.1]"
YKM1,7,-2.612727273,0.319120693,"[-1.7, -2.53, -2.68, -2.94, -2.54, -2.71, -2.68, -2.75, -2.84, -2.87, -2.5]"
YKM1,8,-1.703333333,1.950471453,"[-2.59, -1.76, -2.59, 3.79, 0.99, -2.97, -2.77, -2.61, -2.53, -1.83, -2.64, -2.93]"
YKM1,9,-1.821666667,0.568137796,"[-0.69, -1.72, -1.7, -2.38, -2.19, -2.25]"
YKM1,10,-1.583333333,0.869955299,"[-0.5, -2.63, -1.62]"
YKM1,11,-2.81,0,[-2.81]
YKM1,14,-1.26,0,[-1.26]
SHP1,2,-0.547142857,0.251607079,"[-0.96, -0.5, -0.57, -0.72, -0.21, -0.21, -0.66]"
SHP1,3,-0.8225,0.182671153,"[-0.51, -0.81, -0.91, -0.96, -0.55, -0.95, -0.84, -1.05]"
SHP1,4,-0.625333333,0.259868343,"[-0.59, -0.21, -0.41, -1.04, -0.6, -0.37, -0.49, -1.11, -0.61, -0.69, -1.02, -0.67, -0.36, -0.42, -0.79]"
SHP1,5,-0.973333333,0.159234279,"[-0.75, -1.06, -1.11]"
SHP1,6,-1.245454545,0.256527994,"[-0.71, -0.92, -0.99, -1.52, -1.43, -1.48, -1.39, -1.29, -1.19, -1.52, -1.26]"
SHP1,7,-1.55,0.371994624,"[-2.0, -0.7, -1.43, -1.7, -1.3, -1.8, -1.67, -1.4, -1.45, -2.05]"
SHP1,8,-1.58,0.139522997,"[-1.42, -1.56, -1.76]"
SHP1,9,-2.13,0,[-2.13]
SHP1,10,-1.635,0.175,"[-1.46, -1.81]"
SHP1,11,-2.785,0.329481917,"[-2.07, -2.94, -2.79, -3.04, -2.88, -2.99]"
SHP1,15,-2.29,0,[-2.29]
NYC1,1,0.048333333,0.258741613,"[0.26, -0.26, 0.47, 0.04, 0.02, -0.24]"
NYC1,2,-0.0275,0.03344772,"[-0.05, 0.0, -0.07, 0.01]"
NYC1,3,-0.354285714,0.197473842,"[-0.17, -0.19, -0.27, -0.16, -0.66, -0.41, -0.62]"
NYC1,4,-0.662727273,0.182611904,"[-0.55, -0.83, -0.9, -0.82, -0.41, -0.33, -0.52, -0.88, -0.7, -0.7, -0.65]"
NYC1,5,-0.526428571,0.275878005,"[-0.12, -0.2, -0.3, -0.45, -0.52, -0.72, -0.9, -0.38, -0.69, -0.87, -0.95, -0.77, -0.28, -0.22]"
NYC1,6,-0.61,0.362973828,"[-0.69, -0.9, -0.6, 0.19, -0.55, -0.99, -0.38, -0.96]"
NYC1,7,-1,0,[-1.0]
NYC1,8,-1.184,0.196224361,"[-0.93, -1.04, -1.15, -1.32, -1.48]"
NYC1,9,-0.75,0.62,"[-0.13, -1.37]"
NYC1,10,-1.74,0.29,"[-2.03, -1.45]"
NYC1,11,-1.91,0,[-1.91]
NYC1,12,-2.505,0.245,"[-2.26, -2.75]"
NYC1,13,-2.62,0,[-2.62]
NYC1,14,-1.72,0,[-1.72]
SHP2,2,-0.49,0,[-0.49]
SHP2,3,-0.746,0.097693398,"[-0.88, -0.81, -0.59, -0.71, -0.74]"
SHP2,4,-0.787966102,0.232581531,"[-1.0, -0.97, -0.93, -0.87, -0.6, -0.83, -0.78, -0.66, -0.65, -1.31, -0.77, -1.08, -0.78, -0.56, -0.88, -0.85, -0.83, -0.88, -0.65, -1.21, -0.28, -0.1, -0.66, -0.5, -1.07, -0.82, -0.95, -0.58, -1.05, -0.67, -1.08, -0.57, -0.85, -0.47, -0.82, -0.8, -0.55, -0.58, -0.71, -0.88, -1.05, -0.73, -0.9, -0.78, -0.23, -0.82, -0.55, -1.03, -0.83, -0.9, -0.73, -1.23, -0.97, -0.88, -0.8, -0.88, -0.42, -1.0, -0.68]"
YKM2,2,-0.93,0,[-0.93]
YKM2,3,-1.61,0,[-1.61]
YKM2,4,-1.21875,0.244255885,"[-1.31, -0.98, -0.95, -1.39, -1.11, -1.5, -0.96, -1.21, -1.18, -1.24, -1.12, -1.58, -0.78, -1.75, -1.3, -1.14]"
YKM2,5,-1.145263158,0.251905756,"[-1.36, -1.47, -0.87, -1.17, -1.41, -1.27, -0.71, -1.12, -1.06, -1.64, -0.97, -0.71, -1.16, -1.32, -1.31, -0.82, -1.32, -1.11, -0.96]"
YKM2,6,-1.06,0.086409876,"[-1.14, -1.1, -0.94]"
YKM2,7,-1.644,0.243400904,"[-2.13, -1.78, -1.56, -1.56, -1.41, -1.71, -2.05, -1.61, -1.85, -1.71, -1.46, -1.41, -1.6, -1.42, -1.73, -1.78, -1.61, -1.49, -1.96, -1.05]"
YKM2,8,-1.845,0.076321688,"[-1.79, -1.91, -1.76, -1.94, -1.91, -1.76]"
EGL2,1,0.6,0,[0.6]
EGL2,2,-0.66,0.45,"[-0.21, -1.11]"
EGL2,3,-1.4575,0.168133132,"[-1.33, -1.57, -1.67, -1.26]"
EGL2,4,-1.469411765,0.253225558,"[-1.23, -1.75, -1.71, -1.03, -1.33, -1.35, -1.43, -1.28, -1.66, -1.85, -1.53, -1.78, -1.23, -1.38, -1.53, -1.08, -1.83]"
EGL2,5,-1.30625,0.18282078,"[-1.25, -1.13, -1.11, -1.69, -1.48, -1.28, -1.18, -1.33]"
EGL2,6,-1.776666667,0.180846774,"[-2.04, -1.97, -1.76, -1.7, -1.79, -1.84, -1.49, -1.69, -2.07, -1.84, -1.51, -1.62]"
EGL2,7,-2,0.142126704,"[-2.16, -1.98, -1.78, -2.08]"
EGL2,8,-1.896,0.319004702,"[-2.42, -1.93, -2.14, -1.93, -1.47, -2.05, -2.27, -1.74, -1.56, -1.45]"
EGL2,9,-2.31,0,[-2.31]
EGL2,10,-2.59,0.05,"[-2.54, -2.64]"
EGL2,11,-2.773333333,0.155205956,"[-2.58, -2.78, -2.96]"
DAV2,1,-0.07,0.205101601,"[-0.22, -0.21, 0.22]"
DAV2,2,0.890909091,1.217870381,"[1.34, 3.89, 0.24, 0.06, 1.87, -0.24, -0.21, 0.29, 2.05, 0.11, 0.4]"
DAV2,3,0.14,0.782997902,"[-0.94, 1.05, -0.49, 1.3, 0.05, 0.51, -0.5]"
DAV2,4,-0.373333333,1.003953297,"[0.93, -0.8, -1.5, 1.08, -1.15, -0.8]"
DAV2,5,-0.861428571,0.623273125,"[-1.1, -1.48, 0.21, -1.23, -1.08, -1.58, -1.21, 0.7, -1.32, -1.25, -0.62, -0.83, -0.45, -0.82]"
DAV2,6,-0.5725,0.96229868,"[-1.12, -1.27, -0.97, 0.18, 2.38, -0.72, -0.9, -1.02, -0.96, -0.45, -0.95, -1.07]"
DAV2,7,-1.05,0.671475986,"[-1.31, -1.75, -1.15, 0.23, -1.27]"
DAV2,8,-1.7575,0.192012369,"[-1.89, -2.0, -1.55, -1.59]"
DAV2,9,-1.524,0.150545674,"[-1.38, -1.61, -1.78, -1.42, -1.43]"
STC2,1,-0.27,0,[-0.27]
STC2,2,-0.401428571,0.405935553,"[-0.76, -0.56, -0.29, -0.41, 0.48, -0.41, -0.86]"
STC2,3,-0.402666667,0.251805922,"[-0.31, -0.87, -0.46, -0.68, -0.83, -0.21, -0.31, -0.47, -0.56, -0.51, 0.08, -0.14, -0.2, -0.24, -0.33]"
STC2,4,0.330416667,0.633801225,"[-0.27, -0.07, 0.38, 1.37, -0.59, 0.78, 1.15, -0.1, -0.34, 0.0, -0.11, -0.28, 1.52, -0.23, 1.55, 1.18, 0.37, -0.23, 0.46, 0.86, 0.12, -0.05, 0.58, -0.12]"
STC2,5,0.3525,1.48925107,"[-0.88, -0.64, 2.86, 0.07]"
STC2,6,-0.625,0.215,"[-0.84, -0.41]"
STC2,7,-1.201666667,0.806048317,"[-1.68, -1.9, -1.49, 0.49, -1.64, -0.99]"
STC2,8,-0.9325,0.851216042,"[-1.36, -1.43, 0.54, -1.48]"
STC2,9,-1.19,0.115325626,"[-1.26, -1.0, -1.2, -1.3]"
SUM2,1,-0.3,0.163859696,"[-0.34, -0.18, -0.55, -0.13]"
SUM2,2,-0.285,0.252438111,"[-0.12, -0.05, -0.27, -0.7]"
SUM2,3,-0.490714286,0.383060314,"[-0.81, -0.77, -0.81, -0.72, -0.84, -0.59, -0.47, -0.66, 0.61, -0.15, -0.62, -0.24, -0.14, -0.66]"
SUM2,4,-0.4475,0.12862251,"[-0.54, -0.29, -0.44, -0.63, -0.54, -0.41, -0.22, -0.51]"
SUM2,5,0.037083333,0.84845683,"[-0.5, -0.42, -0.47, -0.52, -0.15, -0.28, -0.13, -0.21, -0.25, 0.13, 0.7, -1.1, 0.57, -0.45, -0.58, 3.48, -0.33, 0.5, 0.02, 0.77, 0.65, -0.23, -0.18, -0.13]"
SUM2,6,0.33,0,[0.33]
SUM2,7,-0.47625,0.705920277,"[-0.92, -1.15, -0.52, 1.18, -0.69, -0.98, -0.0, -0.73]"
SUM2,8,-1.39,0,[-1.39]
SUM2,9,-0.9475,0.286476439,"[-0.82, -1.36, -0.58, -1.03]"
ROS2,1,-0.01,0.08,"[0.07, -0.09]"
ROS2,2,-0.094285714,0.373587134,"[0.03, -0.02, -0.09, 0.19, -0.29, -0.03, -0.99, 0.38, -0.25, 0.18, -0.54, -0.33, 0.56, -0.12]"
ROS2,3,0.034,0.159574434,"[0.1, -0.23, 0.26, 0.05, -0.01]"
ROS2,4,-0.250526316,0.480794011,"[-0.63, -0.54, -0.32, -0.38, -0.11, -0.79, -0.54, 0.06, -0.86, -0.83, -0.44, -0.69, 0.02, 0.89, 0.71, -0.34, -0.09, 0.37, -0.25]"
ROS2,5,-0.051428571,0.348442599,"[-0.28, -0.02, -0.61, -0.01, -0.22, 0.21, 0.57]"
ROS2,6,0.133333333,0.78140614,"[-0.4, -0.79, -0.15, -0.29, 1.53, -0.14, 0.31, -0.06, -0.22, -0.45, -0.52, 2.15, -0.22, 0.85, 0.4]"
ROS2,7,-0.025,0.005,"[-0.02, -0.03]"
ROS2,8,-0.033333333,0.598293871,"[-0.8, 0.66, 0.04]"
ROS2,9,-0.74,0,[-0.74]
BLO2,1,-0.106,0.029393877,"[-0.11, -0.08, -0.08, -0.1, -0.16]"
BLO2,2,-0.001428571,0.238383159,"[-0.3, -0.03, 0.35, -0.1, -0.28, -0.21, 0.11, 0.41, 0.17, -0.14, 0.11, -0.03, 0.28, -0.36]"
BLO2,3,0.076,0.107256701,"[-0.01, 0.23, 0.18, 0.01, -0.03]"
BLO2,4,0.305238095,1.185510214,"[0.18, -0.28, 0.07, 0.02, 0.06, 0.32, -0.52, -0.02, -0.3, -0.05, -0.53, 0.18, -0.22, 5.25, -0.03, 1.12, 1.04, -0.23, 0.12, 0.63, -0.4]"
BLO2,5,-0.0775,0.403508054,"[-0.6, -0.31, 0.16, 0.44]"
BLO2,6,-0.139,0.31162317,"[-0.41, -0.49, -0.56, -0.29, 0.01, -0.04, 0.01, 0.18, -0.29, 0.49]"
BLO2,7,-0.02375,0.335370597,"[-0.02, -0.04, -0.41, -0.1, 0.1, -0.27, -0.22, 0.77]"
WEL2,1,1.095,0.551837838,"[1.0, 0.38, 1.93, 1.07]"
WEL2,2,0.48,0.620218855,"[-0.13, -0.21, 0.57, 0.1, 0.0, 1.72, 1.62, 0.1, 0.12, 0.22, 1.44, 0.47, 0.25, 0.45]"
WEL2,3,0.742352941,0.604264545,"[1.08, 0.57, 0.09, 0.37, -0.05, 0.67, 0.23, 1.72, 1.77, 0.77, 0.33, 0.16, 0.56, 0.73, 1.08, 0.44, 2.1]"
WEL2,4,0.865,0.580423696,"[0.33, 0.17, 1.13, 1.2, 1.84, 0.52]"
WEL2,5,0.921538462,1.487351007,"[-0.19, 0.47, 0.41, 0.61, -0.01, 0.93, -0.11, 0.87, 0.59, 5.87, 0.61, 1.37, 0.56]"
WEL2,6,0.247142857,0.247369838,"[-0.12, -0.02, 0.31, 0.11, 0.53, 0.34, 0.58]"
WEL2,7,0.85,0.39,"[0.46, 1.24]"
WEL2,8,0.943333333,0.239072281,"[0.63, 1.21, 0.99]"
COL2,1,0.2375,0.408434511,"[0.58, 0.1, -0.37, 0.64]"
COL2,2,0.565714286,0.635891361,"[-0.01, -0.41, 0.14, 0.82, -0.03, 0.17, 0.09, 0.64, 0.54, 0.64, 2.37, 1.22, 0.7, 0.36, 0.37, 0.05, 1.62, 1.39, 0.12, 0.84, 0.25]"
COL2,3,0.87875,0.548564889,"[0.81, 0.56, 0.34, 1.13, 0.95, 0.72, 0.54, 0.49, 1.36, 1.01, 1.84, 0.72, -0.06, 0.37, 1.11, 2.17]"
COL2,4,1.533,1.618870285,"[0.21, 0.47, 0.77, 1.3, 0.85, 6.15, 1.24, 1.75, 1.87, 0.72]"
COL2,5,0.992857143,0.301979861,"[0.64, 0.52, 1.01, 1.13, 1.06, 1.09, 1.5]"
COL2,6,1.06,0.610955536,"[0.9, 0.35, 0.47, 1.05, 1.42, 2.17]"
COL2,7,0.676666667,0.355559028,"[0.23, 1.1, 0.7]"
DUN2,1,0.305,0.065,"[0.37, 0.24]"
DUN2,2,0.570526316,0.387277592,"[0.56, 0.3, 0.63, 0.55, 0.45, 0.92, 0.72, 0.52, 0.78, 0.8, 0.6, 0.72, -0.09, 0.49, 0.76, -0.15, 1.72, 0.24, 0.32]"
DUN2,3,1.456875,0.780702558,"[1.44, 1.16, 1.5, 0.87, 0.87, 2.58, 1.98, 2.93, 2.4, 1.64, 0.2, 1.1, 0.62, 0.94, 0.63, 2.45]"
DUN2,4,1.717692308,1.580122458,"[0.77, 0.83, 1.25, 0.72, 1.27, 1.04, 1.33, 1.78, 6.95, 1.1, 2.24, 2.09, 0.96]"
DUN2,5,1.498,0.355831421,"[1.25, 0.85, 1.33, 1.77, 1.38, 1.95, 1.86, 1.42, 1.98, 1.19]"
DUN2,6,2.158,0.317074124,"[1.57, 2.29, 2.46, 2.37, 2.1]"
DUN2,7,1.39,0.21,"[1.18, 1.6]"
QUN2,1,0.195,0.17670597,"[-0.07, 0.16, 0.41, 0.28]"
QUN2,2,0.442105263,0.340039919,"[-0.04, -0.04, 0.67, 0.47, 0.2, 0.33, 0.46, 0.47, 0.75, 0.57, 0.41, 0.45, 0.22, 0.17, 0.15, 1.4, 0.48, 1.02, 0.26]"
QUN2,3,0.86,0.124298029,"[0.85, 1.11, 0.94, 0.72, 0.73, 0.8, 0.78, 0.95]"
QUN2,4,1.243333333,0.467825093,"[0.81, 0.86, 0.83, 0.69, 1.14, 1.34, 1.17, 1.16, 0.79, 2.07, 1.54, 1.67, 0.72, 1.82, 0.91, 1.16, 1.12, 2.59, 1.11, 1.22, 1.39]"
QUN2,5,1.950833333,1.348588511,"[1.24, 0.51, 1.3, 1.58, 0.63, 1.98, 2.33, 2.66, 5.91, 1.79, 2.24, 1.24]"
QUN2,6,2.13,0,[2.13]
QUN2,7,1.27,0.418170619,"[0.69, 1.66, 1.46]"
KNG2,1,0.363333333,0.091043335,"[0.32, 0.49, 0.28]"
KNG2,2,0.4165,0.327280843,"[0.1, -0.26, 0.1, 0.57, 0.43, 0.09, 0.41, 0.17, 0.63, 0.49, 0.68, 0.35, 0.69, 0.6, 0.23, -0.03, 1.07, 0.5, 0.47, 1.04]"
KNG2,3,1.1385,0.330079915,"[1.02, 1.02, 0.77, 0.9, 1.53, 1.44, 1.42, 1.53, 1.1, 0.75, 1.19, 1.74, 1.07, 1.64, 1.4, 0.88, 0.75, 0.76, 1.24, 0.62]"
KNG2,4,1.599090909,0.535222206,"[0.7, 1.52, 1.67, 1.27, 2.19, 1.47, 1.55, 1.07, 1.7, 2.85, 1.6]"
KNG2,5,2.634444444,1.572988035,"[1.81, 1.26, 1.28, 2.06, 2.21, 3.01, 2.89, 2.42, 6.77]"
KNG2,7,1.82,0.389444048,"[1.52, 2.37, 1.57]"
UNI2,1,0.198181818,0.207356442,"[-0.02, 0.64, 0.17, 0.07, 0.1, 0.07, 0.06, 0.09, 0.56, 0.11, 0.33]"
UNI2,2,0.48,0.413615495,"[0.19, -0.16, 0.2, 0.72, 0.27, 0.84, 0.49, 0.84, 0.84, -0.03, 1.18, 0.72, 0.5, 0.91, 0.0, 1.02, -0.21, 0.32]"
UNI2,3,1.245263158,0.502921658,"[0.67, 1.47, 1.37, 0.91, 0.36, 1.57, 1.36, 0.86, 0.66, 1.37, 1.62, 0.86, 1.91, 1.36, 0.67, 1.07, 1.51, 2.52, 1.54]"
UNI2,4,2.278888889,1.579869505,"[2.03, 1.35, 1.76, 1.53, 1.87, 2.44, 1.41, 1.47, 6.65]"
UNI2,5,2.076666667,0.665824468,"[1.48, 0.98, 2.21, 2.19, 2.91, 2.69]"
UNI2,6,2.426666667,0.573488351,"[1.76, 2.36, 3.16]"
UNI2,7,1.97,0,[1.97]
STA2,1,0.787142857,0.730858223,"[0.74, 0.46, 0.32, 0.36, 0.42, 0.74, 0.37, 0.55, 0.57, 0.06, 0.4, 0.69, 0.01, 0.25, 0.44, 2.15, 1.69, 0.04, 2.41, 1.69, 2.17]"
STA2,2,1.715,0.733138232,"[0.94, 1.15, 1.04, 1.83, 2.54, 2.79]"
STA2,3,2.011904762,1.34115309,"[1.29, 1.63, 1.42, 1.59, 1.29, 1.63, 1.98, 1.14, 1.66, 0.94, 1.91, 1.7, 1.49, 1.9, 2.66, 0.94, 1.89, 3.13, 7.43, 1.57, 3.06]"
STA2,4,2.128571429,0.609482886,"[2.44, 1.74, 2.19, 2.11, 1.19, 1.91, 3.32]"
STA2,5,2.8225,0.293033701,"[2.54, 2.67, 3.31, 2.77]"
STA2,6,3.06,0.427629123,"[2.95, 3.63, 2.6]"
STA2,7,3.96,0,[3.96]
OSG2,1,0.323636364,0.251044101,"[0.33, 0.15, 0.0, 0.9, 0.27, -0.04, 0.59, 0.29, 0.38, 0.5, 0.3, 0.52, 0.28, 0.81, 0.05, 0.28, 0.57, 0.25, 0.35, 0.4, -0.01, -0.05]"
OSG2,2,1.3775,0.431545189,"[1.16, 1.2, 1.14, 0.86, 1.84, 0.92, 1.01, 1.35, 1.0, 1.9, 1.01, 2.05, 1.68, 2.33, 1.26, 1.33]"
OSG2,3,2.011875,0.498262214,"[2.13, 1.37, 1.73, 1.88, 1.9, 2.37, 1.25, 2.05, 1.77, 1.63, 2.33, 2.07, 1.96, 2.87, 1.63, 3.25]"
OSG2,4,3.348,1.947279127,"[1.8, 2.22, 2.41, 7.14, 3.17]"
OSG2,5,2.63,0.73598913,"[1.72, 2.0, 2.75, 3.82, 2.86]"
OSG2,6,3.34,0.22,"[3.12, 3.56]"
OSG2,7,3.34,0.87,"[4.21, 2.47]"
STP2,1,0.288333333,0.234834457,"[-0.03, 0.21, 0.31, 0.48, 0.39, 0.47, 0.07, 0.33, 0.2, 0.85, 0.07, 0.35, 0.75, 0.13, 0.35, 0.05, 0.19, 0.02]"
STP2,2,0.893684211,0.401696541,"[1.24, 1.52, 0.51, 0.16, 0.79, 0.89, 0.71, 0.96, 0.66, 0.63, 1.12, 0.5, 1.0, 0.74, 1.67, 0.85, 1.69, 0.91, 0.43]"
STP2,3,2.060625,0.525933322,"[1.59, 2.1, 1.24, 1.7, 2.0, 2.47, 2.59, 1.49, 2.15, 1.99, 1.6, 2.19, 1.82, 3.05, 1.8, 3.19]"
STP2,4,2.89,1.530228741,"[2.32, 2.11, 2.27, 1.42, 2.05, 2.88, 6.67, 3.4]"
STP2,5,2.566666667,0.143836327,"[2.47, 2.46, 2.77]"
STP2,6,3.34,0.429262934,"[2.96, 3.94, 3.12]"
STP2,7,3.495,1.035,"[4.53, 2.46]"
QPK2,1,-0.039230769,0.282501505,"[0.23, -0.01, 0.09, 0.29, 0.26, -0.42, -0.22, -0.11, 0.39, -0.44, -0.51, -0.04, -0.02]"
QPK2,2,0.297777778,0.294043753,"[-0.21, 0.27, 0.25, 0.68, -0.13, 0.2, 0.53, 0.58, 0.51]"
QPK2,3,0.74,0.404435929,"[0.4, 0.98, 1.24, 0.72, 1.11, -0.48, 0.78, 0.88, 1.24, 1.22, 0.56, 0.47, 0.41, 0.53, 1.01, 1.1, 0.59, 0.82, 0.48]"
QPK2,4,1.902105263,0.489871938,"[1.78, 2.53, 1.64, 1.28, 1.94, 2.41, 1.94, 1.71, 1.1, 1.8, 1.61, 1.25, 1.9, 1.81, 2.03, 1.35, 2.58, 2.6, 2.88]"
QPK2,5,2.551666667,0.444012637,"[2.13, 2.1, 2.35, 3.37, 2.85, 2.51]"
QPK2,6,2.6,0,[2.6]
QPK2,7,3.263333333,0.943127186,"[3.28, 4.41, 2.1]"
OSG1,1,0.17,0,[0.17]
OSG1,2,0.201666667,0.234621445,"[0.12, -0.15, 0.28, -0.07, 0.7, 0.45, 0.12, 0.47, 0.18, 0.23, -0.03, 0.12]"
OSG1,3,0.328181818,0.229715958,"[0.37, 0.14, 0.42, 0.17, 0.31, 0.21, 0.09, 0.29, 0.32, 0.37, 0.16, 0.32, 0.59, 0.23, 0.52, 0.63, 0.49, 0.05, -0.19, 0.77, 0.77, 0.19]"
OSG1,4,0.6975,0.489942599,"[2.35, 0.54, 0.46, 0.82, 0.68, 0.32, 0.85, 0.93, 0.76, 0.36, 0.33, 0.51, 1.13, 0.35, 0.35, 0.42]"
OSG1,5,1.01,0,[1.01]
OSG1,6,1.595,0.475,"[2.07, 1.12]"
OSG1,8,1.55,0,[1.55]
OSG1,9,1.76,0,[1.76]
STA1,1,0.378571429,0.453224277,"[0.1, 0.23, -0.17, 1.0, 1.12, 0.07, 0.3]"
STA1,2,0.26375,0.243820503,"[0.5, 0.17, -0.16, 0.77, 0.34, 0.2, 0.24, 0.17, -0.27, 0.4, 0.16, 0.35, 0.26, 0.56, 0.16, 0.37]"
STA1,3,0.409375,0.180570926,"[0.01, 0.68, 0.56, 0.33, 0.51, 0.55, 0.64, 0.48, 0.34, 0.48, 0.32, 0.22, 0.11, 0.57, 0.39, 0.36]"
STA1,4,0.491923077,0.2792162,"[0.23, 0.29, 0.43, 0.21, 0.26, 0.29, 0.31, 0.41, 0.3, 0.43, -0.01, 0.45, 0.94, 0.73, 0.0, 0.88, 0.48, 0.77, 0.82, 0.7, 0.97, 0.47, 1.0, 0.62, 0.34, 0.47]"
STA1,5,1.455,0.680459404,"[2.57, 1.32, 1.2, 0.73]"
STA1,6,1.485,0.155,"[1.33, 1.64]"
STA1,7,1.85,0,[1.85]
STA1,9,1.46,0,[1.46]
UNI1,1,0.4525,0.435119237,"[0.14, 0.24, 0.26, -0.21, 0.19, 0.44, 0.48, 2.01, 0.54, 0.61, 0.68, 0.28, 0.61, 0.25, 0.62, 0.11, 0.84, 0.61, 0.08, 0.27]"
UNI1,2,0.826111111,0.260237902,"[0.96, 0.93, 0.68, 1.38, 0.91, 0.62, 0.51, 0.73, 0.39, 1.13, 0.76, 0.64, 0.53, 0.7, 1.33, 0.85, 0.84, 0.98]"
UNI1,3,0.955,0.219874964,"[0.54, 0.98, 1.2, 1.01, 0.82, 1.3, 0.85, 0.99, 0.71, 1.15]"
UNI1,4,1.283333333,0.238607069,"[1.01, 1.0, 1.35, 1.23, 1.71, 1.53, 1.36, 1.38, 0.98]"
UNI1,5,1.03125,0.253152005,"[0.73, 1.2, 0.67, 0.9, 0.95, 1.05, 1.34, 1.41]"
UNI1,6,1.49,0.03,"[1.46, 1.52]"
UNI1,8,1.98,0,[1.98]
KNG1,1,0.832857143,0.747721255,"[0.26, -0.01, 0.18, -0.12, 0.73, 0.76, 0.61, 0.47, 1.19, 0.03, 0.59, 0.68, 2.37, 0.06, 0.35, 0.59, 1.89, 1.44, 1.9, 1.16, 2.36]"
KNG1,2,1.612941176,0.764635743,"[1.18, 0.43, 1.44, 1.29, 1.0, 3.4, 1.24, 1.43, 0.96, 3.03, 1.0, 2.23, 1.37, 1.85, 2.35, 1.05, 2.17]"
KNG1,3,1.68,0.807031598,"[1.66, 0.7, 1.38, 1.24, 1.17, 1.43, 1.08, 1.23, 1.18, 1.63, 2.12, 3.88, 1.04, 1.64, 2.36, 3.14]"
KNG1,4,1.376,0.354039546,"[0.73, 1.65, 1.35, 1.41, 1.74]"
KNG1,5,1.654285714,0.538273885,"[1.12, 1.53, 1.42, 1.65, 1.35, 1.6, 2.91]"
KNG1,6,1.975,0.355,"[1.62, 2.33]"
KNG1,8,2.17,0,[2.17]
DUN1,1,0.468333333,0.37275625,"[0.0, 0.17, 0.58, 0.58, 1.16, 0.32]"
DUN1,2,1.140645161,0.727660571,"[1.17, 0.99, 0.92, 1.2, 1.4, 0.54, 0.77, 0.32, 0.05, 1.74, 1.75, 0.45, 0.35, 1.55, 3.06, 1.12, 2.95, 0.9, 1.13, 0.49, 1.3, 0.7, 1.16, 0.62, 1.52, 1.79, 0.58, 0.62, 0.63, 0.87, 2.72]"
DUN1,3,1.833846154,0.545139904,"[1.32, 1.31, 2.3, 1.07, 1.72, 1.67, 1.69, 1.62, 1.74, 1.63, 2.04, 2.55, 3.18]"
DUN1,4,2.1825,0.456556404,"[2.41, 1.94, 1.85, 2.14, 3.3, 1.97, 2.02, 1.83]"
DUN1,5,2.218,0.690257923,"[1.53, 2.53, 1.64, 1.98, 3.41]"
DUN1,6,2.4625,0.550017045,"[2.16, 3.21, 1.76, 2.72]"
DUN1,7,2.445,0.205,"[2.24, 2.65]"
COL1,1,0.231666667,0.311951741,"[0.07, 0.02, -0.2, 0.26, 0.73, 0.51]"
COL1,2,0.627619048,0.338567075,"[0.2, 1.17, 0.63, 0.48, 0.43, 0.69, 0.25, 0.35, 0.3, 1.4, 0.33, 0.31, 1.32, 0.77, 0.8, 0.33, 0.6, 0.69, 0.58, 0.57, 0.98]"
COL1,3,1.321428571,0.392783543,"[0.85, 0.89, 1.07, 1.36, 0.97, 1.01, 1.03, 1.08, 1.31, 1.64, 1.84, 1.46, 1.16, 1.44, 1.97, 1.04, 2.37, 0.94, 1.19, 1.35, 1.78]"
COL1,4,1.986,0.530739107,"[1.95, 1.8, 1.54, 1.87, 1.87, 2.58, 1.29, 1.68, 2.02, 3.26]"
COL1,5,2.308,0.677270995,"[1.61, 2.19, 2.14, 2.0, 3.6]"
COL1,6,2.545,0.597766677,"[2.42, 3.27, 1.65, 2.84]"
COL1,7,3.05,0,[3.05]
COL1,8,2.24,0,[2.24]
WEL1,1,0.255,0.075,"[0.33, 0.18]"
WEL1,2,0.302352941,0.346249305,"[0.56, 0.2, 0.0, 0.52, 0.41, 0.3, 0.0, 0.29, -0.11, 0.04, 1.29, 0.24, -0.13, 0.04, 0.65, 0.2, 0.64]"
WEL1,3,0.829545455,0.271769911,"[0.41, 0.78, 1.16, 0.59, 0.68, 1.16, 0.29, 0.97, 0.77, 1.14, 0.62, 0.86, 1.23, 0.88, 0.68, 0.92, 0.87, 0.39, 0.92, 0.97, 1.32, 0.64]"
WEL1,4,1.714375,0.438163336,"[2.14, 1.75, 1.74, 1.24, 1.49, 2.1, 2.62, 1.02, 1.21, 1.48, 1.77, 1.15, 1.53, 1.92, 1.91, 2.36]"
WEL1,5,2.624,0.515581225,"[2.1, 2.51, 2.07, 3.11, 3.33]"
WEL1,6,2.5625,0.588913194,"[3.3, 2.34, 1.73, 2.88]"
WEL1,9,2.72,0,[2.72]
DON2,1,-0.386666667,0.217460086,"[-0.08, -0.52, -0.56]"
DON2,2,0.34,0.372648181,"[1.15, 0.27, 0.14, 0.01, 0.21, 0.26]"
DON2,3,-0.024375,0.254238293,"[-0.16, 0.11, 0.14, 0.59, -0.11, -0.29, 0.09, -0.18, -0.16, -0.31, -0.16, -0.27, 0.49, -0.19, 0.06, -0.04]"
DON2,4,0.166428571,0.393729551,"[0.05, 0.02, 0.28, 0.25, 0.17, 0.2, 0.1, -0.01, 0.13, 0.03, -0.18, 0.05, -0.25, 1.49]"
DON2,5,-0.317307692,0.199664289,"[-0.3, -0.09, -0.61, -0.25, -0.43, -0.59, -0.32, -0.29, -0.17, -0.46, -0.44, -0.17, -0.44, -0.2, -0.16, -0.56, -0.2, 0.17, -0.62, -0.52, -0.16, -0.42, -0.44, 0.09, -0.42, -0.25]"
DON2,6,-0.3675,0.172100988,"[-0.64, -0.23, -0.39, -0.21]"
DON2,7,-0.496666667,0.474013596,"[-0.04, -1.15, -0.3]"
DON2,8,-0.575,0.075,"[-0.5, -0.65]"
PAP2,1,0.11,0,[0.11]
PAP2,2,-0.04125,0.238769633,"[-0.04, -0.52, 0.13, 0.23, 0.25, -0.17, -0.02, -0.19]"
PAP2,3,0.293125,0.308822739,"[0.21, 0.37, 0.62, 0.11, 1.11, -0.04, 0.09, -0.03, -0.03, 0.61, 0.07, -0.03, 0.56, 0.42, 0.31, 0.34]"
PAP2,4,0.206470588,0.401686755,"[0.56, 0.48, 0.5, 0.28, 0.26, -0.09, 0.15, 0.26, 0.15, -0.02, -0.32, 0.2, -0.14, -0.1, -0.14, 0.08, 0.51, -0.07, 0.45, 0.23, 0.15, 0.24, -0.17, -0.09, 0.23, 0.09, 0.3, 0.56, -0.3, 0.23, 0.03, 0.16, 2.08, 0.28]"
PAP2,5,0.26,0.150066652,"[0.37, 0.12, 0.06, 0.46, 0.29]"
PAP2,6,0.062,0.1761136,"[-0.05, -0.2, 0.06, 0.29, 0.21]"
PAP2,7,0.32,0.44,"[0.76, -0.12]"
PAP2,8,-0.55,0,[-0.55]
BRD2,1,0.005,0.405,"[-0.4, 0.41]"
BRD2,2,1.119090909,1.024539405,"[1.77, 2.8, 1.47, 2.17, 0.4, 0.98, 2.51, 0.18, -0.08, 0.14, -0.03]"
BRD2,3,0.874545455,0.398010895,"[1.04, 0.63, 1.3, 1.08, 0.81, 1.08, 1.04, 1.09, 1.28, 1.69, 0.9, 0.75, 0.81, 0.83, 1.35, 1.2, 0.09, 0.29, 0.04, 0.81, 0.88, 0.92, 0.16, 1.09, 1.21, 0.89, 1.34, 0.89, 1.03, 1.29, 0.18, 0.41, 0.46]"
BRD2,4,0.301875,0.271551532,"[0.72, 0.28, 0.47, 0.65, 0.34, 0.39, 0.21, 0.07, 0.13, -0.05, 0.81, -0.05, 0.27, 0.41, 0.36, -0.18]"
BRD2,5,0.540909091,0.328894969,"[0.71, 0.88, 0.61, 0.2, 0.21, 0.36, 0.13, 1.11, 1.01, 0.3, 0.43]"
BRD2,6,0.63,0,[0.63]
CFK2,1,-0.24,0,[-0.24]
CFK2,2,0.642,0.925758788,"[-0.31, 1.59, 2.09, 1.41, 0.74, 1.94, -0.04, 1.66, -0.02, -0.26, 1.64, -0.01, -0.17, -0.36, -0.27]"
CFK2,3,0.650606061,0.371947694,"[0.81, 0.76, 1.39, 0.38, 0.82, 0.8, 0.97, 0.66, 1.26, 0.88, 0.63, 0.51, 0.81, 1.15, -0.19, 0.44, 0.38, 0.93, 0.55, 0.36, 0.51, 1.02, 0.86, 0.82, 0.85, 1.07, 0.51, 0.92, 0.06, 0.06, 0.11, -0.02, 0.4]"
CFK2,4,0.272,0.312648898,"[0.61, 0.16, 0.44, 0.37, 0.45, 0.19, 0.8, 0.78, 0.29, -0.19, 0.36, -0.31, 0.02, 0.12, -0.01]"
CFK2,5,0.661666667,0.267046604,"[0.88, 0.89, 0.5, 0.21, 0.95, 0.54]"
CFK2,6,0.646666667,0.163571255,"[0.84, 0.66, 0.44]"
SHE2,1,0.51,0,[0.51]
SHE2,2,0.004444444,0.353273929,"[-0.46, 0.14, -0.35, 0.55, -0.15, 0.51, 0.27, -0.26, -0.21]"
SHE2,3,0.604651163,0.407267405,"[-0.12, 0.63, -0.03, 0.5, 0.95, 0.53, 0.63, 0.78, 0.58, 0.88, 0.6, 0.78, 1.67, 0.35, 1.07, 1.28, 0.82, 0.83, 0.87, 0.37, 0.72, -0.32, 0.87, 0.9, 0.9, 0.25, 0.5, 0.97, 1.03, 0.57, 0.13, 1.18, 0.65, 0.73, 0.43, 0.23, 1.12, 0.07, -0.05, 0.12, 0.08, 0.47, 0.48]"
SHE2,4,0.386363636,0.426854728,"[0.81, 0.21, 0.54, 0.42, 0.09, 0.13, 1.45, 0.24, -0.01, 0.52, -0.15]"
SHE2,5,0.837777778,0.389580338,"[0.84, 1.56, 0.26, 0.27, 0.79, 0.83, 1.26, 0.92, 0.81]"
BAU2,1,0.04,0.040824829,"[0.04, 0.09, -0.01]"
BAU2,2,0.12875,0.219456004,"[0.13, -0.14, 0.22, 0.5, 0.28, -0.03, 0.26, -0.19]"
BAU2,3,0.631071429,0.305910109,"[0.29, 0.16, 0.54, 0.29, 0.54, 1.02, 0.94, 0.88, 0.76, 0.68, 0.51, 0.33, 0.83, 0.46, 0.89, 0.76, 0.79, 0.37, 0.57, 1.59, 0.71, 0.92, 0.72, 0.16, 0.42, 0.79, 0.49, 0.26]"
BAU2,4,0.476785714,0.31376804,"[0.25, 0.05, 0.4, 0.45, 0.85, 0.47, 0.3, 0.43, -0.01, 0.35, 0.19, 0.03, 0.65, 0.35, 0.48, 0.38, 0.89, 0.91, 0.67, 0.7, 0.43, 0.53, 0.16, 1.33, 0.4, 1.11, 0.25, 0.35]"
BAU2,5,1.222,0.266788306,"[1.38, 1.64, 0.87, 1.17, 1.05]"
BAU2,6,1.075,0.345,"[1.42, 0.73]"
SGL2,1,0.495,0.395,"[0.1, 0.89]"
SGL2,2,0.193333333,0.254732976,"[0.1, -0.0, -0.21, 0.49, 0.48, 0.21, 0.36, 0.45, -0.14]"
SGL2,3,0.49037037,0.240931548,"[0.8, 0.72, 0.54, 0.36, 0.6, 0.84, 0.49, 0.57, 0.6, 0.75, 0.25, 0.49, 0.99, 0.52, 0.34, 0.27, 0.15, 0.4, 0.25, 0.37, 0.53, 0.76, 0.76, -0.09, 0.47, 0.32, 0.19]"
SGL2,4,0.561071429,0.397549092,"[0.09, 0.25, 0.84, 0.49, 0.54, 0.34, 0.25, 0.47, -0.15, 0.54, 1.08, 0.54, 0.42, 1.48, 0.95, -0.03, 1.41, 0.42, 0.14, 0.89, 0.2, 0.33, 0.69, 0.72, 0.59, 1.04, 0.94, 0.24]"
SGL2,5,1.165,0.396432003,"[1.84, 1.06, 1.21, 1.01, 0.52, 1.35]"
SGL2,6,1.16,0.34,"[1.5, 0.82]"
BSP2,1,0.04,0.03,"[0.07, 0.01]"
BSP2,2,0.413,0.340030881,"[0.51, 0.1, 0.64, 0.64, 0.47, 0.1, 0.14, 1.03, 0.66, -0.16]"
BSP2,3,0.73,0.281020309,"[0.51, 0.64, 0.58, 0.44, 0.34, 0.57, 0.94, 0.85, 0.98, 0.89, 0.94, 0.36, 0.76, 0.58, 0.85, 0.84, 1.03, 0.56, 0.86, 0.73, 0.43, 0.2, 0.81, 0.83, 0.73, 1.51, 0.41, 1.31, 0.69]"
BSP2,4,0.701304348,0.436162159,"[0.07, 0.1, 0.95, 0.64, 0.54, 0.39, 0.09, 0.52, 1.12, 0.8, 1.32, 1.8, 0.32, 0.35, 1.46, 0.72, 0.49, 0.87, 0.97, 1.07, 0.55, 0.42, 0.57]"
BSP2,5,1.368888889,0.477852707,"[1.83, 1.78, 1.54, 1.04, 0.68, 0.64, 1.84, 1.86, 1.11]"
CHR2,1,-0.125,0.127573508,"[-0.29, -0.07, 0.05, -0.19]"
CHR2,2,0.053333333,0.284800125,"[-0.27, -0.17, 0.45, 0.4, -0.2, -0.08, 0.48, -0.12, -0.01]"
CHR2,3,0.82,0.870027223,"[0.56, 0.29, 0.49, 0.33, 0.61, 0.85, 0.41, 1.02, 4.31, 0.31, 0.5, 0.63, 1.09, 0.56, 0.81, 0.94, 0.39, 1.24, 0.24]"
CHR2,4,0.677096774,0.310350411,"[0.45, 0.35, 0.52, 1.0, 0.67, 0.77, 0.59, 0.3, 0.74, 0.32, 0.74, 0.19, 0.24, 0.98, 0.65, 1.37, 0.55, 0.32, 0.6, 0.84, 0.47, 0.89, 0.52, 1.21, 0.42, 1.17, 1.05, 0.47, 0.6, 0.75, 1.25]"
CHR2,5,1.508888889,0.404651961,"[1.58, 1.83, 1.25, 1.81, 1.18, 1.28, 0.86, 2.3, 1.49]"
CHR2,6,1.685,0.165,"[1.52, 1.85]"
OSS2,1,0.006,0.13821722,"[-0.19, 0.23, 0.03, -0.07, 0.03]"
OSS2,2,0.20375,0.203158651,"[-0.19, 0.39, 0.39, 0.15, 0.23, -0.01, 0.23, 0.44]"
OSS2,3,0.666666667,0.693347356,"[0.66, 0.57, 0.66, 0.41, 0.88, 0.97, -0.09, 0.43, 0.35, 0.52, 0.63, 0.73, 1.1, 0.28, 0.61, 3.7, 0.07, 0.33, 0.3, 0.55, 0.23, 0.55, 0.48, 1.08]"
OSS2,4,0.604615385,0.304608586,"[0.41, 0.16, 0.41, 0.76, 0.36, 0.55, 0.16, 0.95, 0.35, 0.52, 0.35, 0.96, 0.55, 1.16, 0.45, 0.28, 0.7, 0.6, 1.21, 1.23, 0.7, 0.31, 0.63, 0.33, 0.77, 0.86]"
OSS2,5,1.25375,0.328022008,"[1.61, 0.91, 1.58, 0.98, 1.18, 0.73, 1.44, 1.6]"
OSS2,6,1.75,0.190962474,"[1.89, 1.48, 1.88]"
DUF2,1,-0.094,0.2484834,"[-0.2, 0.2, 0.0, -0.52, 0.05]"
DUF2,2,-0.215,0.155,"[-0.37, -0.06]"
DUF2,3,0.441428571,0.918942382,"[0.19, 0.16, 0.06, -0.06, 0.52, 0.42, 0.2, 3.67, 0.19, 0.04, -0.28, 0.22, 0.43, 0.42]"
DUF2,4,0.345882353,0.274227446,"[-0.1, 0.08, -0.21, -0.03, 0.4, 0.32, 0.37, 0.4, 0.4, 0.55, 0.34, -0.01, 0.63, 0.5, 0.6, 0.53, 0.51, 0.24, 0.57, 0.75, 0.35, 0.29, 0.62, 1.01, 0.34, 0.59, 0.0, 0.72, 0.21, 0.0, 0.14, 0.5, -0.01, 0.16]"
DUF2,5,0.718461538,0.341170973,"[0.52, 0.34, 0.59, 1.06, 0.66, 1.48, 0.35, 1.0, 0.77, 0.8, 0.68, 0.95, 0.14]"
DUF2,6,1.234,0.22195495,"[1.08, 1.58, 1.4, 1.13, 0.98]"
LAN2,1,0.006666667,0.150738921,"[-0.2, 0.2, 0.06, 0.05, 0.12, -0.19]"
LAN2,2,0.121428571,0.258812043,"[0.33, 0.11, 0.17, -0.47, 0.38, 0.13, 0.2]"
LAN2,3,0.30125,0.303113187,"[0.19, 0.49, 0.13, 0.13, 0.56, 0.43, 0.51, 0.51, 0.48, 0.51, 0.55, 0.34, 0.81, 0.56, 0.06, -0.07, -0.16, -0.14, 0.23, -0.06, 0.88, 0.51, -0.17, -0.05]"
LAN2,4,0.543333333,0.572513949,"[-0.12, 0.13, 0.15, 0.1, 0.56, 0.08, 0.62, 0.23, 0.15, 0.37, 0.84, 0.68, 0.62, 0.4, 0.55, 1.01, 0.67, 0.47, 2.97, 0.7, 0.25, 0.53, 0.66, 0.42]"
LAN2,5,0.80625,0.283590263,"[0.33, 1.11, 0.99, 0.49, 1.08, 1.06, 0.81, 0.58]"
LAN2,6,1.482,0.325723809,"[1.6, 1.3, 2.05, 1.1, 1.36]"
DNW2,1,-0.095,0.162557682,"[-0.31, -0.15, 0.14, -0.06]"
DNW2,2,-0.078,0.104766407,"[-0.22, -0.05, 0.02, -0.18, 0.04]"
DNW2,3,-0.102857143,0.144193747,"[-0.13, -0.28, 0.03, 0.05, 0.02, -0.07, -0.34]"
DNW2,4,0.135483871,0.182524213,"[0.24, -0.18, 0.28, 0.17, 0.19, 0.0, 0.35, 0.25, 0.2, 0.25, -0.07, 0.6, -0.02, 0.09, 0.2, 0.4, 0.29, 0.01, 0.22, 0.32, 0.16, -0.13, -0.01, 0.02, 0.26, 0.07, -0.31, 0.11, -0.06, 0.16, 0.14]"
DNW2,5,0.188235294,0.343686507,"[-0.42, -0.47, 0.28, -0.02, 0.25, -0.12, 0.76, 0.03, 0.53, 0.4, 0.4, 0.38, 0.11, 0.35, 0.75, 0.13, -0.14]"
DNW2,6,0.685,0.304234011,"[0.93, 1.03, 0.84, 0.54, 0.11, 0.66]"
DNW2,7,0.996666667,0.221710522,"[0.85, 0.83, 1.31]"
KEL2,1,0.0425,0.316415471,"[-0.44, 0.14, 0.44, 0.03]"
KEL2,2,-0.08,0.05,"[-0.13, -0.03]"
KEL2,3,0.16625,0.206009961,"[0.08, 0.28, 0.41, 0.04, 0.05, 0.01, 0.03, 0.21, 0.16, 0.53, -0.01, 0.48, 0.18, -0.0, -0.04, 0.11, -0.29, -0.09, 0.06, 0.48, 0.23, 0.24, 0.36, 0.48]"
KEL2,4,0.133333333,0.154964154,"[0.02, 0.03, 0.06, 0.2, -0.16, 0.38, 0.08, 0.03, 0.09, 0.1, 0.18, -0.07, 0.18, -0.12, 0.19, 0.18, 0.31, 0.18, 0.51, 0.31, 0.16, -0.07, 0.18, 0.25]"
KEL2,5,0.509090909,0.193553119,"[0.32, 0.29, 0.61, 0.61, 0.66, 0.42, 0.39, 0.74, 0.29, 0.89, 0.38]"
KEL2,6,0.84,0.221472346,"[1.1, 0.99, 0.74, 0.53]"
KEL2,7,0.9275,0.183626659,"[1.02, 1.03, 1.05, 0.61]"
HPK2,1,-0.2275,0.231449238,"[-0.18, -0.24, 0.08, -0.57]"
HPK2,2,0.068333333,0.175538853,"[0.19, 0.09, 0.15, -0.11, -0.21, 0.3]"
HPK2,3,-0.076666667,0.251374002,"[-0.43, -0.03, 0.0, -0.18, -0.21, 0.39]"
HPK2,4,-0.01375,0.21144961,"[-0.01, -0.29, 0.28, -0.05, 0.06, 0.01, 0.25, 0.13, 0.14, 0.16, -0.09, 0.26, -0.19, -0.19, 0.08, 0.31, -0.04, -0.3, -0.05, 0.06, 0.1, -0.35, -0.02, -0.64, 0.06, 0.03, -0.29, -0.0, -0.24, 0.21, -0.07, 0.24]"
HPK2,5,0.100666667,0.371438046,"[-0.44, -0.24, -0.64, -0.13, 0.23, 0.36, -0.26, 0.66, -0.09, 0.12, 0.29, 0.32, 0.63, 0.29, 0.41]"
HPK2,6,0.516666667,0.264554132,"[0.47, 1.01, 0.52, 0.49, 0.51, 0.1]"
HPK2,7,0.805,0.153866826,"[0.69, 0.73, 1.07, 0.73]"
JNE2,1,0.016,0.15107614,"[-0.14, 0.21, 0.07, 0.12, -0.18]"
JNE2,2,0.0325,0.10848387,"[0.18, -0.11, 0.08, -0.02]"
JNE2,3,-0.1525,0.122039952,"[-0.27, -0.23, 0.05, -0.1, -0.18, -0.33, -0.16, 0.0]"
JNE2,4,-0.065789474,0.175928089,"[-0.08, -0.21, -0.01, -0.28, 0.03, 0.04, 0.09, 0.04, 0.17, -0.21, 0.19, -0.23, 0.0, -0.33, -0.3, 0.22, 0.09, -0.21, -0.26]"
JNE2,5,-0.0275,0.320809523,"[-0.11, -0.56, -0.29, -0.44, 0.06, -0.58, 0.2, 0.16, -0.0, -0.46, -0.28, 0.15, 0.02, -0.27, -0.19, 0.4, 0.07, 0.48, 0.48, 0.48, 0.51, -0.03, -0.24, 0.04, -0.14, -0.48, 0.21, 0.04]"
JNE2,6,0.352,0.34119789,"[0.18, 0.82, 0.7, -0.02, 0.08]"
JNE2,7,0.345,0.423703906,"[0.99, 0.45, -0.1, 0.04]"
JNE2,8,0.88,0,[0.88]
OML2,1,-0.32,0.19,"[-0.51, -0.13]"
OML2,2,-0.2025,0.117553179,"[-0.2, -0.38, -0.05, -0.18]"
OML2,3,-0.130909091,0.362176616,"[-0.35, 0.37, 0.75, -0.36, -0.08, -0.42, -0.16, -0.21, -0.07, -0.52, -0.39]"
OML2,4,-0.117407407,0.399736882,"[0.39, 1.04, -0.39, -0.27, -0.04, -0.61, 0.61, 0.84, -0.21, -0.29, -0.46, -0.14, -0.26, -0.29, 0.01, 0.08, -0.51, -0.26, -0.49, -0.29, -0.17, -0.3, -0.25, -0.41, 0.13, -0.17, -0.46]"
OML2,5,-0.091176471,0.359212903,"[0.3, 0.27, 0.77, -0.43, -0.43, -0.1, 0.15, -0.01, -0.68, -0.35, 0.16, -0.32, 0.14, 0.04, -0.15, -0.4, -0.51]"
OML2,6,0.028333333,0.381681222,"[-0.04, -0.14, 0.86, -0.16, -0.05, -0.3]"
OML2,7,0.083333333,0.061282588,"[0.08, 0.01, 0.16]"
OML2,8,0.306666667,0.230988215,"[0.47, -0.02, 0.47]"
RYK2,1,-0.493333333,0.143836327,"[-0.69, -0.35, -0.44]"
RYK2,2,-0.665,0.047169906,"[-0.65, -0.66, -0.74, -0.61]"
RYK2,3,-0.877142857,0.219526392,"[-1.1, -0.82, -0.84, -0.67, -0.9, -0.56, -1.25]"
RYK2,4,-0.507083333,0.440865429,"[-1.02, 0.11, 0.88, -0.5, -0.65, -0.7, -0.32, -0.7, -0.4, 0.36, -0.89, -1.07, -0.8, -0.47, -0.74, -0.45, -0.42, -0.82, -1.07, -0.25, -0.47, -0.37, -0.64, -0.77]"
RYK2,5,-0.546315789,0.408478699,"[0.01, -0.2, 0.1, 0.48, -0.94, -0.54, -0.68, -0.41, -1.27, -0.66, -1.03, -0.85, -0.45, -0.91, -0.63, -0.63, -0.78, -0.5, -0.49]"
RYK2,6,-0.647777778,0.385163105,"[-0.79, 0.27, -0.78, -1.25, -0.58, -0.65, -0.68, -0.89, -0.48]"
RYK2,7,-0.76,0,[-0.76]
RYK2,8,-0.422,0.146887712,"[-0.5, -0.28, -0.25, -0.65, -0.43]"
RYK2,9,-0.135,0.255,"[-0.39, 0.12]"
ISL2,1,0.013333333,0.144299072,"[-0.19, 0.13, 0.1]"
ISL2,2,-0.17625,0.193515988,"[-0.45, -0.27, -0.27, 0.26, -0.24, -0.21, -0.16, -0.07]"
ISL2,3,-0.22,0.461859595,"[0.26, 0.65, -0.58, -0.65, -0.45, -0.18, -0.59]"
ISL2,4,-0.660714286,0.172728701,"[-0.58, -0.91, -0.88, -0.34, -0.68, -0.66, -0.84, -0.63, -0.64, -0.65, -0.78, -0.4, -0.43, -0.83]"
ISL2,5,-0.672631579,0.267716309,"[-0.76, -0.64, -0.12, -1.16, -0.57, -0.48, -0.58, -0.54, -1.0, -1.02, -0.46, -0.64, -0.54, -0.69, -0.76, -0.45, -0.76, -1.22, -0.39]"
ISL2,6,-0.657692308,0.356179597,"[-0.4, 0.03, 0.05, -0.68, -1.02, -1.11, -0.88, -0.7, -0.67, -0.81, -1.0, -0.48, -0.88]"
ISL2,7,-0.314285714,0.229400283,"[-0.14, -0.24, -0.01, -0.16, -0.58, -0.69, -0.38]"
ISL2,9,-0.155,0.105,"[-0.26, -0.05]"
KIP2,1,0.398333333,0.293224412,"[0.34, 0.92, 0.25, 0.64, 0.07, 0.17]"
KIP2,2,-0.054705882,0.362850117,"[-0.3, 0.13, 0.17, 0.95, 0.07, -0.13, -0.21, 0.1, 0.17, -0.34, -0.34, 0.05, 0.33, -0.39, -0.19, -0.74, -0.26]"
KIP2,3,0.508571429,0.311742961,"[0.51, 0.76, 0.77, 0.98, 0.14, 0.19, 0.21]"
KIP2,4,-0.1325,0.166639581,"[-0.12, -0.12, 0.09, -0.38]"
KIP2,5,0.055,0.085,"[-0.03, 0.14]"
ISL1,2,-0.365479452,0.260010754,"[-0.41, -0.54, -0.41, -0.02, 0.38, 0.41, 0.45, -0.29, 0.01, -0.11, -0.49, -0.71, -0.41, -0.19, 0.19, 0.06, -0.32, -0.01, -0.32, -0.37, -0.59, -0.42, -0.34, -0.46, -0.27, -0.26, -0.46, -0.36, -0.52, -0.26, -0.42, -0.15, -0.61, -0.32, -0.49, -0.42, -0.59, -0.41, -0.61, -0.66, -0.57, -0.54, -0.67, -0.51, -0.14, -0.27, -0.44, -0.66, -0.42, -0.31, -0.39, -0.23, -0.24, -0.49, -0.54, -0.74, 0.04, -0.57, -0.56, -0.34, -0.71, -0.76, -0.36, -0.44, -0.72, -0.64, -0.61, -0.57, -0.51, -0.27, -0.17, -0.17, -0.44]"
RYK1,2,-0.11,0.02,"[-0.09, -0.13]"
RYK1,3,-0.037777778,0.438273831,"[0.82, 0.32, 0.29, -0.07, -0.63, -0.23, -0.58, 0.04, -0.3]"
RYK1,4,-0.36483871,0.316674973,"[-0.05, -0.63, -0.58, 0.08, 0.4, 0.51, 0.25, -0.22, -0.18, -0.6, -0.52, -0.42, 0.1, -0.1, -0.58, -0.37, -0.08, -0.65, -0.27, -0.32, -0.72, -0.47, -0.47, -0.55, -0.04, -0.55, -0.28, -0.73, -0.38, -0.72, -0.4, -0.47, -0.65, -0.65, -0.32, -0.63, -0.35, 0.0, -0.23, -0.37, -0.93, -0.43, -0.44, 0.07, -0.4, -0.68, -0.55, -0.63, 0.22, -0.68, -0.58, -0.12, -0.57, -0.7, -0.18, -0.85, -0.78, -0.53, -0.38, -0.37, -0.27, 0.37]"
JNE1,2,-0.23,0,[-0.23]
JNE1,3,-0.77,0,[-0.77]
JNE1,4,-0.745,0.239661219,"[-0.49, -0.51, -1.38, -0.84, -0.61, -0.78, -0.83, -0.84, -0.26, -0.68, -0.62, -0.74, -0.94, -0.62, -0.89, -0.89]"
JNE1,5,-0.865714286,0.208385436,"[-0.64, -0.62, -0.69, -0.96, -1.01, -0.94, -0.76, -1.07, -1.08, -0.93, -0.79, -0.92, -1.21, -0.82, -0.81, -1.23, -0.71, -1.01, -1.08, -0.62, -1.23, -0.94, -0.77, -0.41, -0.79, -0.79, -0.52, -0.57, -0.92, -0.97, -0.76, -1.24, -0.64, -1.04, -0.81]"
JNE1,6,-0.7735,0.321314099,"[-1.32, -0.67, -0.54, -1.34, -1.31, -0.49, -0.37, -0.65, -1.19, -0.62, -1.18, -0.54, -0.45, -0.66, -0.89, -0.82, -0.47, -0.96, -0.56, -0.44]"
RUN1,1,-0.35,0,[-0.35]
RUN1,3,-0.026666667,0.162958754,"[-0.23, 0.0, -0.07, -0.21, 0.19, 0.16]"
RUN1,4,-0.571666667,0.219728368,"[-0.53, -0.7, -0.54, -0.51, -0.59, -0.33, -0.43, -0.32, -1.13, -0.54, -0.4, -0.84]"
RUN1,5,-0.78744186,0.278184254,"[-0.99, -0.36, -0.99, -0.82, -0.52, -0.89, -1.01, -1.07, -0.16, -1.06, -1.06, -0.92, -0.51, -0.74, -0.72, -0.86, -1.29, -1.11, -1.11, -0.82, -0.79, -0.81, -0.26, -0.99, -0.91, -0.56, -1.04, -0.62, -0.47, -1.37, -0.76, -0.42, -0.45, -0.64, -0.97, -0.64, -0.67, -0.76, -0.76, -1.21, -0.92, -0.36, -0.47]"
RUN1,6,-0.672,0.182362277,"[-0.83, -0.87, -0.81, -0.82, -0.64, -0.69, -0.34, -0.74, -0.34, -0.64]"
RUN1,7,-0.49,0,[-0.49]
KEL1,1,-0.12,0,[-0.12]
KEL1,3,-0.144285714,0.113874259,"[-0.06, 0.01, -0.19, -0.03, -0.19, -0.21, -0.34]"
KEL1,4,-0.031612903,0.229769826,"[-0.2, -0.21, 0.15, -0.01, -0.56, 0.2, 0.05, -0.12, 0.06, 0.28, -0.22, 0.38, -0.36, 0.13, -0.05, 0.39, -0.21, -0.2, -0.27, 0.17, 0.2, -0.07, -0.32, 0.13, -0.18, 0.25, -0.15, 0.2, -0.25, -0.21, 0.02]"
KEL1,5,-0.166875,0.204991425,"[-0.12, -0.39, -0.48, -0.38, -0.33, -0.06, -0.29, -0.31, -0.06, -0.27, 0.09, -0.26, -0.02, -0.27, -0.29, 0.22, -0.19, 0.03, -0.29, -0.34, 0.29, -0.39, -0.17, -0.49, -0.34, -0.33, -0.09, -0.07, -0.03, 0.25, 0.01, 0.03]"
KEL1,6,-0.295,0.115,"[-0.41, -0.18]"
KEL1,7,-0.26,0,[-0.26]
DNW1,2,0.01,0,[0.01]
DNW1,3,-0.071,0.188597455,"[-0.27, 0.13, 0.26, 0.28, -0.21, -0.08, -0.09, -0.27, -0.01, -0.16, -0.05, -0.12, -0.12, -0.12, -0.27, 0.16, -0.19, 0.06, -0.47, 0.12]"
DNW1,4,0.005,0.157902924,"[0.16, 0.12, -0.19, 0.04, -0.13, -0.27, -0.05, 0.19, 0.19, -0.14, -0.19, 0.07, -0.11, 0.22, 0.01, -0.06, 0.34, -0.26, -0.11, 0.16, -0.01, 0.01, 0.03, 0.1]"
DNW1,5,0.124814815,0.246191289,"[0.32, 0.18, -0.37, 0.0, 0.57, 0.4, -0.13, -0.38, -0.01, 0.16, -0.08, 0.29, -0.22, -0.13, -0.07, 0.08, 0.38, 0.13, 0.18, 0.19, -0.03, 0.42, 0.2, 0.5, 0.1, 0.32, 0.37]"
DNW1,6,0.21,0,[0.21]
LAN1,1,-0.62,0,[-0.62]
LAN1,2,0.17,0,[0.17]
LAN1,3,-0.1,0.110855261,"[-0.23, 0.07, -0.23, -0.11, -0.14, 0.04, -0.06, -0.01, -0.23]"
LAN1,4,0.055882353,0.220068407,"[0.07, -0.29, 0.01, -0.18, 0.36, -0.02, -0.47, 0.31, 0.06, -0.02, 0.13, 0.06, -0.03, -0.27, -0.01, 0.14, 0.33, 0.29, 0.38, -0.33, 0.26, -0.12, -0.11, 0.26, 0.28, 0.36, -0.18, 0.08, 0.16, -0.14, -0.06, 0.23, 0.33, 0.03]"
LAN1,5,0.121481481,0.291238781,"[-0.09, 0.24, -0.05, -0.44, 0.53, 0.07, -0.11, 0.16, 0.19, -0.53, 0.25, 0.33, 0.4, 0.19, 0.51, -0.26, 0.31, 0.36, 0.39, 0.31, -0.07, -0.39, 0.36, 0.24, 0.47, -0.2, 0.11]"
LAN1,6,0.34,0,[0.34]
DUF1,2,-0.11,0.42,"[-0.53, 0.31]"
DUF1,3,0.186111111,0.253051134,"[0.1, 0.22, 0.68, 0.58, 0.31, 0.11, -0.03, 0.02, -0.09, 0.38, 0.57, 0.2, -0.13, -0.13, -0.03, -0.08, 0.45, 0.22]"
DUF1,4,0.263,0.213684347,"[0.36, -0.02, 0.29, 0.43, -0.19, 0.39, 0.28, -0.16, 0.1, -0.12, 0.31, 0.24, 0.16, 0.28, 0.33, 0.5, 0.43, 0.4, 0.39, 0.18, 0.2, 0.29, -0.16, 0.29, 0.47, 0.36, 0.51, 0.63, 0.31, 0.49, 0.39, -0.07, 0.03, 0.56, 0.28, 0.33, 0.18, -0.02, 0.23, 0.64]"
DUF1,5,0.132727273,0.225956187,"[0.23, -0.06, -0.35, -0.03, 0.26, 0.22, 0.3, 0.19, 0.57, 0.07, 0.06]"
DUF1,6,0.68,0,[0.68]
CHR1,1,1.1,0,[1.1]
CHR1,2,1.091818182,0.520748032,"[1.44, 1.27, 1.26, 0.8, 1.45, 1.29, 1.35, 1.0, 1.85, 0.4, -0.1]"
CHR1,3,0.803793103,0.334317769,"[0.72, 0.99, 0.91, 1.09, 0.76, 0.57, 0.87, 0.84, 1.02, 0.77, 0.61, 0.92, 0.99, 0.51, 0.79, 0.84, 0.51, 1.24, 0.71, 0.86, 1.56, 1.02, 1.03, 1.45, 0.71, 0.15, 0.58, 0.36, -0.07]"
CHR1,4,0.585263158,0.160504744,"[0.6, 0.77, 0.73, 0.32, 0.57, 0.58, 0.57, 0.78, 0.68, 0.74, 0.6, 0.73, 0.77, 0.28, 0.5, 0.68, 0.27, 0.43, 0.52]"
CHR1,5,0.522727273,0.433864053,"[1.02, -0.18, 0.6, 0.72, 0.62, -0.18, 0.55, -0.08, 0.95, 0.85, 0.88]"
BAT1,1,-0.35,0,[-0.35]
BAT1,2,1.350909091,0.466523984,"[1.36, 1.15, 1.01, 1.16, 1.56, 1.5, 1.16, 2.1, 1.6, 1.96, 0.3]"
BAT1,3,0.841515152,0.360051522,"[0.79, 0.98, 0.69, 0.82, 0.9, 0.36, 0.73, 0.78, 0.78, 1.44, 0.86, 1.16, 1.37, 0.43, 1.03, 0.52, 0.79, 1.03, 0.87, 1.0, 1.76, 0.63, 1.78, 0.71, 0.96, 0.43, 0.76, 0.49, 0.49, 0.23, 0.36, 1.03, 0.81]"
BAT1,4,0.703636364,0.274003077,"[0.66, 0.93, 0.87, 0.66, 0.85, 0.5, 0.6, 1.73, 0.63, 0.9, 0.69, 0.66, 0.68, 0.68, 0.58, 0.72, 0.26, 0.6, 0.72, 0.46, 0.73, 0.37]"
BAT1,5,0.78,0.103682207,"[0.79, 0.91, 0.62, 0.8]"
BAT1,6,0.04,0,[0.04]
SGL1,1,0.02,0,[0.02]
SGL1,2,0.045,0.315,"[-0.27, 0.36]"
SGL1,3,0.510740741,0.266387714,"[0.14, 0.59, 0.58, 0.39, 0.61, 0.83, 0.26, 0.41, 0.44, 0.06, 0.35, 0.68, 0.81, 0.81, 0.34, 0.71, 0.35, 0.78, 0.58, 1.04, 0.84, 0.15, 0.11, 0.23, 0.59, 0.25, 0.86]"
SGL1,4,0.678378378,0.229612053,"[0.51, 0.82, 0.59, 0.94, 0.84, 0.26, 0.52, 0.71, 0.59, 0.52, 0.34, 0.84, 0.19, 0.24, 0.79, 0.37, 0.95, 0.99, 0.69, 0.92, 0.69, 0.76, 0.89, 0.72, 0.89, 0.8, 1.11, 0.41, 0.9, 0.89, 0.66, 0.57, 0.89, 0.66, 0.37, 0.5, 0.77]"
SGL1,5,1.031666667,0.318246061,"[1.71, 0.91, 0.82, 1.09, 0.87, 0.79]"
BAU1,2,0.236,0.067111847,"[0.18, 0.14, 0.29, 0.25, 0.32]"
BAU1,3,0.485333333,0.352133813,"[0.48, 0.5, 1.23, 0.89, 0.59, 0.23, 0.37, 0.3, 0.84, 0.45, 0.75, -0.12, 0.0, 0.7, 0.07]"
BAU1,4,0.573404255,0.275273764,"[0.55, 0.5, 0.46, 0.53, 0.71, 0.65, 0.19, 0.58, 0.5, 0.36, 0.76, 1.24, 0.19, 0.23, 0.34, 0.2, 0.36, 0.55, 0.65, 0.61, 0.53, 0.43, 0.31, 0.78, 0.74, 0.86, 0.47, 0.83, 0.46, 1.05, 0.45, 0.32, 1.3, 0.71, 0.62, 0.99, 0.48, 0.84, 0.38, 0.54, 0.35, 0.87, 0.98, 0.43, 0.08, 0.86, 0.13]"
BAU1,5,0.968333333,0.167473049,"[1.08, 0.87, 1.14, 0.8, 0.75, 1.17]"
YNG1,2,0.598571429,0.362508269,"[0.46, 1.46, 0.64, 0.39, 0.33, 0.46, 0.45]"
YNG1,3,0.68,0.297914977,"[0.43, 0.32, 0.97, 0.77, 1.59, 1.12, 0.42, 0.82, 0.75, 0.3, 0.68, 0.6, 0.74, 0.39, 0.67, 0.54, 0.98, 0.64, 0.28, 0.82, 0.59, 0.87, 0.72, 0.69, 0.65, 0.99, -0.08, 0.67, 0.67, 0.8]"
YNG1,4,0.76,0.279156894,"[0.69, 0.94, 0.39, 0.71, 1.01, 0.31, 0.49, 0.56, 0.99, 0.34, 0.63, 0.31, 0.53, 0.91, 0.81, 1.06, 0.94, 1.16, 1.33, 1.04, 0.71, 1.03, 0.69, 1.11, 0.31, 0.73, 0.71, 0.84]"
YNG1,5,1.021666667,0.290483314,"[1.24, 1.01, 0.58, 0.85, 0.95, 1.5]"
CFK1,1,-0.36,0,[-0.36]
CFK1,2,-0.07125,0.367948281,"[-0.48, -0.23, -0.06, -0.7, 0.22, 0.42, -0.08, 0.34]"
CFK1,3,0.343333333,0.272376374,"[0.34, 0.01, 0.54, 0.02, 0.21, 0.69, 0.31, 0.86, 0.28, 0.66, 0.04, 0.16]"
CFK1,4,0.595652174,0.430210526,"[0.38, 0.37, 0.5, 0.15, 1.4, 1.92, 0.27, 0.33, 0.13, 0.64, 1.58, 0.26, 0.48, 0.58, 0.13, 0.61, 0.23, 0.33, 0.37, 0.3, 0.32, 0.36, 0.18, 0.65, 0.24, 0.93, 0.82, 0.55, 1.42, 0.48, 0.46, 0.73, 0.64, 0.35, 1.95, 0.71, 0.68, 0.9, 0.65, 0.58, 0.39, 0.85, 0.68, 0.25, 0.18, 0.49]"
CFK1,5,0.983333333,0.281168198,"[0.87, 1.29, 1.07, 0.62, 0.69, 1.36]"
BRD1,3,-0.297272727,0.272566619,"[-0.59, -0.69, -0.14, -0.46, -0.54, -0.53, 0.02, -0.24, -0.08, -0.23, 0.21]"
BRD1,4,-0.039473684,0.286897629,"[-0.03, -0.7, 0.06, -0.5, -0.1, -0.1, -0.33, 0.18, 0.61, -0.06, 0.04, -0.04, 0.5, 0.01, 0.01, 0.14, -0.3, 0.15, -0.03, -0.36, -0.19, -0.13, -0.1, -0.18, -0.35, 0.07, -0.07, -0.1, 0.18, -0.78, 0.17, 0.49, 0.15, 0.11, 0.37, -0.26, 0.02, -0.05]"
BRD1,5,0.428421053,0.52469804,"[-0.15, -0.3, 1.02, 1.49, 1.04, 0.57, -0.15, -0.11, 0.02, 0.49, 0.48, 0.27, 0.92, 1.4, 0.57, 0.04, -0.08, 0.19, 0.43]"
BRD1,6,0.49,0.387900331,"[0.96, 0.01, 0.5]"
CHE1,1,0.185,0.225,"[-0.04, 0.41]"
CHE1,2,-0.246666667,0.173269219,"[-0.1, -0.15, -0.49]"
CHE1,3,-0.014,0.150013333,"[0.12, 0.13, -0.03, 0.04, -0.15, 0.23, -0.29, -0.18, 0.02, -0.03]"
CHE1,4,0.221818182,0.330458401,"[-0.33, 0.28, 0.17, 0.17, -0.2, 0.02, -0.17, 1.22, 0.5, 0.15, 0.43, 0.31, 0.47, -0.08, 0.1, 0.22, 0.05, 0.45, -0.12, 0.02, -0.07, 0.07, 0.18, 0.07, 0.17, -0.08, 0.36, 0.76, 0.57, 1.02, 0.37, 0.27, -0.03]"
CHE1,5,0.329047619,0.522730057,"[-0.3, 0.06, 0.95, 1.33, 0.95, 0.78, -0.0, 0.01, -0.09, 0.01, 0.75, 0.36, -0.37, -0.14, 0.95, 1.03, 0.62, -0.02, -0.22, 0.6, -0.35]"
CHE1,6,0.8,0.254950976,"[1.15, 0.7, 0.55]"
PAP1,1,-0.54,0,[-0.54]
PAP1,2,0.19125,0.187845515,"[0.15, 0.26, 0.17, 0.42, 0.43, 0.19, -0.21, 0.12]"
PAP1,3,0.027142857,0.119249353,"[-0.08, -0.07, 0.08, -0.1, 0.19, 0.2, -0.03]"
PAP1,4,0.235757576,0.367572135,"[0.15, -0.02, 0.09, -0.15, -0.05, 0.22, 1.25, 0.92, 0.04, 0.09, 0.34, 0.15, 0.07, 0.22, 0.04, 0.24, 0.24, 0.04, 0.4, -0.15, 0.15, 0.4, 0.1, -0.14, 0.2, -0.3, 0.57, 0.37, 1.45, 0.01, 0.03, 0.26, 0.55]"
PAP1,5,0.399444444,0.48948354,"[-0.19, 0.1, 0.18, 0.79, -0.32, 0.5, 0.16, 0.33, 0.3, 0.71, 0.84, 0.55, -0.05, -0.22, 0.85, 1.8, 0.5, 0.36]"
PAP1,6,0.436666667,0.280455978,"[0.49, 0.98, 0.19, 0.13, 0.32, 0.51]"
DON1,1,-0.07,0,[-0.07]
DON1,2,0.159090909,0.282953724,"[0.06, 0.09, 0.47, 0.35, -0.29, -0.25, 0.23, -0.13, 0.36, 0.64, 0.22]"
DON1,3,0.589333333,0.337213417,"[0.47, 0.26, 0.27, 0.61, 0.75, 0.72, 0.46, 0.68, 0.57, 0.55, 0.37, 0.29, 0.75, 1.69, 0.4]"
DON1,4,0.283181818,0.315715441,"[-0.04, 0.08, 0.16, 0.35, -0.14, 0.91, 0.63, 0.26, 0.56, 0.59, -0.29, 0.43, 0.46, 0.13, 0.47, -0.19, 0.5, 0.73, 0.28, -0.22, 0.3, 0.27]"
DON1,5,0.507777778,0.318338666,"[0.18, 0.3, 0.18, 0.73, 1.01, 0.13, 0.23, 0.26, 0.43, 0.78, 0.62, 0.65, 0.1, 1.02, 0.87, 0.75, 0.1, 0.8]"
DON1,6,0.693333333,0.208379995,"[0.72, 0.27, 0.73, 0.87, 0.66, 0.91]"
GWD1,1,-0.1725,0.176121407,"[-0.47, -0.1, -0.11, -0.01]"
GWD1,2,0.066666667,0.359660334,"[-0.09, -0.27, -0.29, -0.13, -0.05, -0.07, 0.28, 0.92, 0.3]"
GWD1,3,0.240952381,0.297127594,"[0.29, -0.26, 0.14, -0.41, 0.65, 0.55, 0.12, -0.26, 0.24, 0.25, 0.5, 0.28, 0.37, 0.46, 0.37, -0.18, 0.3, 0.56, 0.57, 0.04, 0.48]"
GWD1,4,0.533333333,0.264238949,"[0.44, 0.84, 0.54, 0.45, 0.14, 0.35, 0.23, 0.69, 0.51, 0.52, 0.22, 0.23, 0.52, 0.44, 0.95, 0.99, 0.41, 0.89, 0.98, 0.14, 0.84, 0.67, 0.66, 0.32, 0.82, 0.43, 0.18]"
GWD1,5,0.5275,0.25018743,"[0.91, 0.46, 0.48, 0.38, 0.72, 0.51, 0.03, 0.73]"
GWD1,6,0.673333333,0.158394725,"[0.8, 0.77, 0.45]"
COX1,1,0.3375,0.401458279,"[0.05, 1.03, 0.12, 0.15]"
COX1,2,0.03,0.267840366,"[-0.11, -0.23, 0.4, -0.03, -0.25, -0.36, 0.19, -0.07, 0.27, -0.1, -0.06, 0.62, 0.12]"
COX1,3,0.281111111,0.208723339,"[0.14, 0.43, 0.23, 0.71, 0.17, -0.14, 0.4, 0.45, 0.27, 0.45, 0.06, 0.11, 0.2, 0.43, 0.1, 0.08, 0.36, 0.61]"
COX1,4,0.492592593,0.298447745,"[0.61, 0.62, 0.82, 0.38, 0.21, 0.33, 0.69, 0.16, 0.49, 0.01, 0.69, -0.16, 0.34, 0.85, 0.28, 0.63, 0.78, 0.93, 0.83, 0.87, 0.76, 0.19, 0.49, 0.09, 0.74, 0.58, 0.09]"
COX1,5,0.86,0.330894106,"[0.89, 1.32, 0.65, 0.67, 0.27, 0.75, 1.29, 1.05, 0.69, 1.32, 0.56]"
COX1,6,1.11,0,[1.11]
WDB1,1,0.272222222,0.40071541,"[0.07, 0.81, 0.24, -0.06, 0.13, 0.01, 0.06, 0.02, 1.17]"
WDB1,2,0.125555556,0.460195879,"[-0.39, 0.18, 0.22, -0.26, 0.99, -0.14, -0.42, 0.72, 0.23]"
WDB1,3,0.476363636,0.445793934,"[1.15, 0.13, 0.27, 0.37, 0.22, 1.19, 1.12, 0.61, -0.04, 0.02, 0.2]"
WDB1,4,0.273714286,0.410616858,"[0.3, -0.14, 0.22, -0.1, 0.04, 0.13, -0.23, -0.01, 0.1, 0.22, 0.18, 0.13, 0.34, 0.18, 0.26, 0.01, 0.44, -0.04, 0.2, 0.44, 0.41, 0.6, 0.86, 1.06, 1.41, 1.47, 0.47, 0.36, -0.34, 0.13, 0.67, 0.03, -0.19, 0.09, -0.12]"
WDB1,5,0.48125,0.231053971,"[0.74, 0.4, 0.23, 0.27, 0.37, 0.9, 0.64, 0.3]"
WDB1,6,0.966666667,0.169377947,"[0.93, 1.19, 0.78]"
MST1,1,-0.253333333,0.250377493,"[-0.35, 0.09, -0.5]"
MST1,2,-0.201428571,0.216030988,"[-0.2, -0.01, -0.0, -0.17, -0.54, 0.01, -0.5]"
MST1,3,-0.153125,0.54189158,"[0.32, 0.76, -0.59, -0.81, -0.16, -0.53, -0.22, 0.32, 0.34, 0.94, -0.53, 0.22, -0.71, -0.68, -0.63, -0.49]"
MST1,4,-0.062083333,0.572370649,"[-0.06, -0.41, -0.48, -0.34, -0.11, -0.12, -0.14, -0.36, -0.61, 0.01, -0.19, -0.44, -0.34, 0.02, -0.34, 0.86, 0.14, -0.04, 2.31, -0.14, -0.26, -0.49, -0.02, 0.06]"
MST1,5,0.090555556,0.44144299,"[-0.46, -0.35, -0.1, 0.21, -0.34, -0.06, -0.22, -0.07, -0.32, 0.61, 0.33, 1.11, 1.01, -0.2, -0.09, 0.16, 0.43, -0.02]"
MST1,6,0.58,1.147842697,"[0.09, 0.74, -0.38, 0.05, 0.22, 0.05, 3.29]"
MST1,7,0.3,0,[0.3]
VPK1,1,-0.28,0,[-0.28]
VPK1,2,-0.713333333,0.194193489,"[-1.0, -0.66, -0.8, -0.88, -0.37, -0.48, -0.58, -0.78, -0.87]"
VPK1,3,-0.876,0.090244113,"[-0.91, -0.86, -0.77, -0.81, -1.03]"
VPK1,4,-0.405882353,0.677773681,"[-0.38, -0.5, -0.92, -0.98, -0.39, -0.8, -0.73, -0.49, -0.77, -0.38, -0.53, -0.55, -0.53, -0.42, 2.18, -0.18, -0.53]"
VPK1,5,-0.807692308,0.369431035,"[-0.08, -1.09, -0.67, -1.04, -1.14, -0.9, -0.67, -1.04, -0.72, -0.89, -1.08, -0.56, -1.04, -1.51, -0.39, -0.91, -1.03, 0.03, -0.12, -1.24, -0.59, -1.06, -0.42, -0.85, -0.84, -1.15]"
VPK1,6,-0.463846154,0.287603853,"[-0.31, -0.66, -0.43, -0.57, -0.69, -0.64, -0.47, 0.23, -0.06, -0.81, -0.24, -0.72, -0.66]"
VPK1,7,0.118,1.181243413,"[-0.53, -0.24, -0.71, -0.39, 2.46]"
WAR1,1,-0.12,0.06,"[-0.06, -0.18]"
WAR1,2,-0.526666667,0.266312264,"[-0.3, -0.44, -0.37, -1.03, -0.3, -0.72]"
WAR1,3,-1.197777778,0.143664561,"[-0.97, -1.16, -1.02, -1.2, -1.32, -1.17, -1.16, -1.46, -1.32]"
WAR1,4,-1.029166667,0.139908204,"[-1.06, -0.96, -1.11, -1.02, -0.89, -0.93, -0.71, -1.16, -1.01, -1.21, -1.06, -1.23]"
WAR1,5,-1.261538462,0.149091926,"[-1.38, -1.05, -1.23, -1.59, -1.16, -1.36, -1.15, -1.36, -1.28, -1.05, -1.14, -1.4, -1.25]"
WAR1,6,-1.302941176,0.290977353,"[-1.58, -0.95, -1.34, -1.48, -1.67, -1.49, -1.39, -1.48, -0.99, -0.85, -0.94, -1.71, -1.42, -1.0, -0.92, -1.68, -1.26]"
WAR1,7,-1.381428571,0.2907836,"[-1.65, -1.25, -1.47, -1.62, -0.76, -1.32, -1.6]"
WAR1,8,-1.28,1.026128647,"[-1.32, -1.59, -1.81, -1.97, -0.91, -1.76, -1.49, -1.99, -1.62, 1.66]"
VPK2,1,-0.46,0,[-0.46]
VPK2,3,-1.3975,0.070843137,"[-1.5, -1.4, -1.39, -1.3]"
VPK2,4,-1.300909091,0.256389425,"[-1.32, -0.95, -1.6, -1.52, -1.19, -1.63, -1.53, -1.33, -0.8, -1.11, -1.33]"
VPK2,5,-1.47,0.24381582,"[-1.62, -1.58, -1.37, -1.93, -1.28, -1.28, -1.4, -1.83, -1.39, -1.5, -1.66, -1.28, -0.99]"
VPK2,6,-1.9968,0.245954793,"[-1.77, -2.3, -1.93, -1.84, -1.99, -1.83, -2.42, -2.2, -1.99, -1.69, -2.15, -1.79, -1.59, -1.64, -2.3, -1.7, -2.29, -2.28, -2.04, -2.3, -2.23, -1.67, -1.97, -1.87, -2.14]"
VPK2,7,-2.114166667,0.415801602,"[-2.21, -2.54, -2.43, -2.48, -1.99, -1.66, -1.36, -1.48, -1.99, -2.11, -2.41, -2.71]"
VPK2,8,-2.536666667,0.577051894,"[-1.28, -2.88, -2.74, -2.64, -2.66, -3.02]"
VPK2,9,-2.79,0.62,"[-2.17, -3.41]"
MST2,2,-0.56,0,[-0.56]
MST2,3,-0.69,0,[-0.69]
MST2,4,-1.455,0.878858161,"[-0.98, -0.78, -1.16, -3.39, -1.18, -1.24]"
MST2,5,-1.836666667,0.575692819,"[-0.06, -2.17, -2.32, -1.87, -2.02, -2.09, -2.24, -2.19, -1.84, -1.76, -1.56, -1.92]"
MST2,6,-1.869761905,0.265648247,"[-1.76, -1.61, -2.31, -1.96, -2.1, -1.54, -2.16, -1.77, -1.83, -1.67, -1.67, -2.15, -1.47, -2.49, -1.81, -2.31, -1.94, -1.99, -2.41, -1.84, -2.04, -2.03, -1.68, -1.56, -2.01, -1.47, -1.44, -1.86, -1.62, -1.81, -1.98, -1.37, -1.96, -1.76, -2.09, -2.11, -1.85, -1.52, -1.82, -1.96, -1.71, -2.09]"
MST2,7,-1.76875,0.16166613,"[-1.97, -1.89, -1.67, -1.84, -1.72, -1.42, -1.75, -1.89]"
MST2,8,-1.66,0,[-1.66]
MST2,9,-1.866666667,0.257466287,"[-1.85, -1.56, -2.19]"
MST2,11,-3.3,0,[-3.3]
WDB2,2,-0.29,0,[-0.29]
WDB2,3,-0.66,0.06,"[-0.6, -0.72]"
WDB2,4,-0.92,0.210410854,"[-1.04, -1.17, -0.97, -0.54, -0.82, -1.17, -0.67, -0.84, -1.12, -0.69, -1.09]"
WDB2,5,-1.058125,0.135748791,"[-1.03, -1.25, -1.05, -1.05, -1.22, -1.12, -1.1, -0.95, -1.28, -0.7, -0.99, -1.07, -1.13, -0.92, -1.09, -0.98]"
WDB2,6,-1.998461538,0.919890011,"[-1.57, -1.47, -1.07, -3.41, -1.41, -1.36, -1.27, -1.37, -1.87, -3.41, -3.24, -3.34, -1.19]"
WDB2,7,-2.069565217,0.432218526,"[-0.34, -1.88, -1.83, -2.34, -2.04, -2.6, -2.09, -2.36, -2.37, -2.51, -2.05, -1.86, -2.14, -2.19, -2.16, -2.18, -1.87, -2.38, -1.86, -1.86, -2.48, -2.17, -2.04]"
WDB2,8,-1.826666667,0.407089944,"[-1.04, -2.34, -1.95, -1.74, -1.77, -2.12]"
WDB2,9,-1.64,0,[-1.64]
WDB2,10,-2.92,0,[-2.92]
COX2,1,-0.3,0,[-0.3]
COX2,2,-0.29,0,[-0.29]
COX2,3,-0.495,0.183480244,"[-0.27, -0.24, -0.34, -0.47, -0.71, -0.62, -0.49, -0.46, -0.86, -0.49]"
COX2,4,-0.807777778,0.171514676,"[-1.16, -0.68, -1.06, -0.68, -0.76, -0.8, -0.8, -0.69, -0.64]"
COX2,5,-0.965769231,0.319881866,"[0.3, -0.75, -0.85, -1.01, -0.98, -0.96, -1.23, -1.2, -0.96, -1.16, -0.96, -0.85, -0.95, -1.23, -0.96, -1.75, -0.98, -1.05, -0.93, -0.86, -0.9, -1.19, -0.81, -1.1, -0.96, -0.83]"
COX2,6,-1.006666667,0.2035245,"[-1.02, -1.41, -0.83, -0.95, -1.23, -1.0, -0.68, -1.06, -0.88]"
COX2,7,-2.592307692,1.01785713,"[-3.6, -3.25, -3.44, -1.53, -1.55, -1.43, -3.35, -3.4, -1.1, -3.15, -3.2, -3.67, -1.03]"
COX2,8,-2.165,0.035,"[-2.13, -2.2]"
COX2,9,-1.803333333,0.216692306,"[-1.82, -2.06, -1.53]"
GWD2,1,-0.22,0,[-0.22]
GWD2,2,0.385,0.536493243,"[1.3, 0.23, -0.02, 0.03]"
GWD2,3,-0.182857143,0.108590224,"[-0.24, -0.18, -0.35, -0.24, -0.19, -0.1, 0.02]"
GWD2,4,-0.13,0.453034215,"[-0.41, -0.18, -0.18, -0.33, 0.04, 0.32, -0.45, -0.33, -0.6, -0.24, 0.12, -0.36, 0.12, -0.03, -0.51, -0.58, -0.23, -0.11, -0.43, 0.19, -0.18, -0.35, -0.38, 0.1, 1.74]"
GWD2,5,-0.551111111,0.242896615,"[-0.63, -0.81, -0.81, -1.0, -0.63, -0.32, -0.47, -0.47, -0.05, -0.81, -0.19, -0.39, -0.83, -0.63, -0.42, -0.43, -0.68, -0.35]"
GWD2,6,-0.854444444,0.282964902,"[-0.93, -1.13, -0.74, -0.64, -0.94, -0.97, -0.87, -0.22, -1.25]"
GWD2,7,-0.585,0.175,"[-0.76, -0.41]"
GWD2,8,-2.863333333,1.008475197,"[-3.34, -3.38, -0.62, -3.29, -3.44, -3.11]"
GWD2,9,-1.895,0.105,"[-2.0, -1.79]"
BAT2,1,0.1,0.185607112,"[0.15, 0.38, -0.1, -0.03]"
BAT2,2,0.291666667,0.25970603,"[-0.22, 0.27, 0.58, 0.38, 0.51, 0.23]"
BAT2,3,0.658846154,0.306271962,"[0.92, 0.45, 0.68, 0.17, 0.7, 0.35, 0.63, 0.78, 0.8, 0.8, 0.24, 0.7, 1.0, 0.64, 0.67, 0.47, 0.14, 0.51, 0.53, 0.86, 0.79, 1.32, 0.74, 0.46, 1.46, 0.32]"
BAT2,4,0.8608,0.410364911,"[0.62, 0.32, 0.77, 1.2, 0.46, 0.72, 0.29, 0.97, 0.77, 0.49, 0.66, 1.13, 0.79, 1.49, 1.96, 0.84, 0.66, 0.82, 1.44, 0.84, 1.37, 0.39, 0.31, 0.92, 1.29]"
BAT2,5,1.287142857,0.301932551,"[1.11, 1.49, 1.14, 1.19, 0.79, 1.77, 1.52]"
BAT2,6,1.483333333,0.142906341,"[1.48, 1.31, 1.66]"
DML2,2,0.125,0.075,"[0.2, 0.05]"
DML2,4,-0.835833333,0.177456959,"[-0.87, -0.9, -0.73, -1.06, -0.83, -0.75, -0.73, -0.38, -1.02, -1.0, -0.98, -0.78]"
DML2,5,-0.4,0.427629123,"[-0.99, 0.01, -0.22]"
DML2,6,-0.89,0.12,"[-0.77, -1.01]"
DML2,7,-0.955454545,0.345157767,"[-1.01, -0.71, -0.83, -1.58, -1.09, -0.23, -0.86, -1.1, -0.81, -1.44, -0.85]"
DML2,8,-1.14,0.296850131,"[-0.81, -1.7, -1.06, -1.05, -1.08]"
DML2,9,-1.79,0,[-1.79]
DML2,10,-2.71,0,[-2.71]
DML2,11,-2.74,0,[-2.74]
BYV2,1,-0.31,0,[-0.31]
BYV2,3,-0.32,0,[-0.32]
BYV2,4,-0.632,0.23827715,"[-0.53, -0.75, -0.46, -1.04, -0.38]"
BYV2,5,-1.07,0.169587735,"[-1.0, -0.81, -1.13, -1.08, -1.33]"
BYV2,6,-1.445217391,0.430407992,"[-1.17, -1.07, -0.46, -1.14, -1.82, -0.39, -1.94, -1.78, -1.58, -1.74, -1.69, -1.07, -1.81, -1.66, -1.25, -1.23, -1.61, -1.24, -1.99, -1.59, -1.71, -1.29, -2.01]"
BYV2,7,-1.395357143,0.292373076,"[-1.5, -1.83, -1.53, -0.83, -1.51, -1.7, -1.58, -0.95, -1.1, -1.48, -1.53, -0.95, -1.46, -1.71, -1.55, -1.41, -0.98, -1.1, -1.95, -1.51, -1.03, -1.58, -1.23, -1.31, -1.84, -1.21, -1.53, -1.18]"
YIE1,2,-0.53,0,[-0.53]
YIE1,3,-1.24,0.2,"[-1.04, -1.44]"
YIE1,4,-1.155882353,0.501316606,"[-1.52, -1.46, -1.39, 0.16, -0.41, -0.91, -1.84, -1.27, -1.69, -0.81, -1.12, -1.49, -0.87, -1.64, -1.43, -0.67, -1.29]"
YIE1,5,-1.202,0.301240767,"[-1.21, -1.2, -1.63, -1.3, -1.62, -1.24, -0.61, -1.11, -1.03, -1.4, -1.14, -1.34, -0.64, -1.58, -1.69, -0.96, -0.82, -1.04, -1.06, -1.42]"
YIE1,6,-0.9875,0.403136143,"[-1.01, -1.5, -0.51, -0.38, -0.89, -1.03, -1.21, -0.6, -1.73, -0.68, -0.3, -0.85, -1.1, -1.28, -1.43, -1.3]"
BYV1,3,-1.503333333,0.266624997,"[-1.54, -1.81, -1.16]"
BYV1,4,-1.611587302,0.187474496,"[-1.87, -1.6, -1.54, -1.52, -1.4, -1.72, -1.74, -1.52, -1.89, -1.4, -1.65, -1.44, -1.65, -1.77, -1.55, -1.25, -1.42, -1.67, -1.42, -1.46, -1.09, -1.45, -1.82, -1.52, -1.5, -1.72, -1.6, -1.54, -1.49, -1.44, -1.6, -1.65, -1.81, -1.62, -1.56, -1.72, -1.19, -1.74, -1.72, -1.86, -1.72, -1.49, -1.94, -1.59, -1.87, -1.79, -1.82, -1.82, -1.9, -1.15, -1.92, -1.82, -1.62, -1.79, -1.49, -1.61, -1.72, -1.57, -1.65, -1.37, -1.65, -1.62, -1.49]"
BSS1,5,-1.68,0.23558438,"[-1.69, -2.05, -1.41, -1.57]"
BSS1,6,-1.802131148,0.245958245,"[-2.16, -2.13, -1.94, -1.85, -1.78, -2.06, -1.93, -1.53, -1.98, -1.78, -1.78, -1.54, -1.89, -2.15, -1.66, -1.56, -1.41, -1.69, -1.31, -1.4, -1.46, -2.2, -1.61, -1.86, -2.16, -1.93, -1.53, -1.38, -1.86, -2.01, -1.84, -1.95, -1.78, -1.8, -1.98, -1.03, -2.11, -1.89, -1.93, -1.86, -1.95, -1.84, -2.18, -1.91, -1.58, -1.93, -1.96, -1.59, -2.23, -1.66, -1.96, -1.91, -1.76, -1.88, -1.81, -1.79, -1.64, -1.43, -2.03, -1.58, -1.61]"
LES1,4,-0.365,0.305,"[-0.06, -0.67]"
LES1,5,-1.282,0.223374126,"[-1.38, -1.0, -1.03, -1.47, -1.53]"
LES1,6,-1.725238095,0.400269184,"[-2.01, -2.3, -1.19, -2.03, -2.2, -1.08, -1.69, -1.38, -1.91, -1.48, -2.21, -1.83, -2.36, -1.96, -0.93, -1.73, -1.38, -1.56, -1.29, -1.78, -1.93]"
LES1,7,-2.003823529,0.309525393,"[-2.59, -2.2, -1.93, -1.82, -2.09, -2.32, -2.02, -2.13, -2.37, -1.75, -2.17, -1.57, -1.68, -2.09, -2.38, -1.48, -2.22, -1.52, -1.51, -1.82, -1.98, -2.37, -2.4, -2.35, -2.2, -1.76, -2.02, -2.32, -2.02, -1.95, -1.92, -1.73, -1.3, -2.15]"
SHE1,1,-0.56,0.13,"[-0.43, -0.69]"
SHE1,2,0.0425,0.20474069,"[0.08, -0.1, 0.36, -0.17]"
SHE1,3,0.438636364,0.268620981,"[0.27, 0.11, 0.36, 0.67, 0.74, 0.81, 0.75, 0.05, 0.23, 0.37, 0.31, 0.51, 0.43, 0.56, 0.82, 0.44, 0.85, 0.09, -0.03, 0.44, 0.14, 0.73]"
SHE1,4,0.614473684,0.401835901,"[0.4, 0.46, 0.63, 0.21, 1.2, 2.03, 0.06, 0.3, 0.23, 0.8, 1.47, 0.27, 0.57, 0.43, 0.28, 0.26, 0.51, 0.29, 0.27, 0.65, 0.4, 0.88, 0.85, 0.3, 1.18, 0.88, 0.72, 0.3, 1.1, 1.16, 0.36, 0.57, 0.3, 0.4, 0.82, 0.76, 0.45, 0.6]"
SHE1,5,0.778571429,0.249366544,"[0.75, 1.11, 0.47, 0.68, 0.87, 0.46, 1.11]"
CHE2,2,0.240833333,0.244351466,"[0.06, -0.17, 0.33, 0.3, -0.18, 0.41, 0.18, 0.39, 0.06, 0.44, 0.65, 0.42]"
CHE2,3,0.233333333,0.235779387,"[0.38, 0.7, -0.09, 0.05, 0.67, 0.07, 0.42, -0.05, 0.42, 0.53, 0.06, 0.26, 0.33, 0.34, 0.03, 0.19, 0.17, -0.04, 0.53, 0.23, 0.44, -0.18, 0.3, 0.15, -0.02, 0.18, 0.35, 0.27, -0.24, 0.55, 0.28, 0.44, -0.02]"
CHE2,4,0.335,0.463195423,"[0.03, 0.03, 0.19, -0.01, 0.53, 0.11, 0.54, 0.46, 0.26, 0.23, 0.46, 0.14, 0.48, 0.14, -0.17, 1.94]"
CHE2,5,0.384,0.311486757,"[0.7, 0.42, 0.33, 0.21, -0.02, -0.07, 0.63, 0.78, 0.78, 0.08]"
CHE2,6,0.23,0,[0.23]
NYC2,1,-0.66,0,[-0.66]
NYC2,2,-0.794390244,0.18179389,"[-0.71, -1.12, -0.57, -0.72, -0.69, -0.82, -0.71, -0.92, -1.07, -0.82, -0.92, -0.89, -0.89, -0.87, -0.57, -0.37, -0.46, -0.59, -0.97, -0.77, -0.82, -0.67, -0.57, -0.74, -0.61, -0.81, -0.84, -1.11, -0.91, -1.02, -0.92, -0.84, -0.47, -0.86, -0.82, -1.07, -0.99, -0.94, -0.87, -0.52, -0.72]"
NYC2,3,-0.9275,0.163280178,"[-0.97, -0.97, -1.12, -0.67, -1.25, -1.0, -1.32, -0.74, -0.69, -0.87, -0.9, -1.0, -0.99, -0.94, -0.75, -1.02, -0.82, -0.65, -1.0, -0.97, -1.02, -0.89, -0.79, -0.92]"
FIN2,1,0.814444444,0.864331612,"[0.51, 0.59, 0.87, 0.18, 0.55, 3.21, 0.37, 0.55, 0.5]"
FIN2,2,0.13,0.532415878,"[0.19, 0.75, -0.55]"
FIN2,3,0.598333333,1.342031006,"[-0.44, 1.01, -0.29, -0.26, 3.4, 0.17]"
FIN2,4,-0.225714286,0.206526176,"[-0.42, 0.15, -0.12, -0.12, -0.29, -0.53, -0.25]"
FIN2,5,0.4,0.947016367,"[-0.04, 0.06, -0.35, 0.06, 2.27]"
FIN2,7,-0.386,0.152918279,"[-0.3, -0.65, -0.37, -0.19, -0.42]"
FIN2,11,-1.93,0,[-1.93]
FIN2,15,-2.39,0,[-2.39]
QUN1,1,0.39625,0.26813884,"[0.9, 0.4, 0.44, 0.09, 0.45, 0.55, -0.05, 0.39]"
QUN1,2,1.1532,0.702006952,"[1.24, 0.55, 1.63, 0.76, 0.65, -0.0, 1.44, 1.58, 0.36, 0.36, 1.06, 1.56, 2.73, 0.51, 0.65, 0.56, 2.18, 1.31, 0.63, 2.26, 2.43, 1.0, 0.53, 1.51, 1.34]"
QUN1,3,1.92,0.807774721,"[1.14, 1.24, 1.82, 1.42, 1.62, 3.92, 1.47, 1.71, 1.19, 1.2, 1.89, 2.67, 1.34, 2.24, 3.01, 1.02, 3.26, 2.4]"
QUN1,4,1.598571429,0.165997295,"[1.57, 1.62, 1.51, 1.57, 1.59, 1.37, 1.96]"
QUN1,5,2.0125,0.832807751,"[1.1, 1.92, 1.67, 3.36]"
QUN1,6,2.028,0.45761993,"[1.95, 2.3, 1.86, 1.33, 2.7]"
QUN1,8,2.54,0,[2.54]
LES2,3,-1.26530303,0.244504568,"[-1.06, -1.54, -1.11, -1.14, -0.49, -0.62, -0.77, -1.36, -1.27, -1.46, -0.77, -1.27, -1.47, -1.29, -1.57, -1.21, -1.21, -1.42, -1.24, -1.59, -1.09, -1.61, -1.21, -1.22, -1.37, -1.01, -1.49, -1.24, -1.34, -1.42, -1.21, -1.34, -1.39, -1.37, -1.61, -1.07, -1.01, -1.52, -1.29, -1.37, -0.81, -1.49, -0.91, -1.56, -1.24, -1.54, -1.16, -1.21, -1.24, -0.99, -1.46, -1.37, -1.27, -1.74, -0.91, -1.51, -1.49, -1.34, -1.26, -1.19, -1.24, -1.42, -1.12, -1.39, -1.09, -1.52]"
BSS2,4,-1.54,0,[-1.54]
BSS2,5,-1.279516129,0.334810623,"[-0.81, -1.52, -1.44, -1.52, -0.61, -0.37, -0.96, -1.27, -1.06, -1.41, -0.4, -1.63, -1.61, -1.56, -1.67, -1.29, -1.41, -0.91, -1.42, -1.61, -0.99, -1.49, -1.37, -1.16, -1.11, -1.39, -1.67, -1.16, -1.54, -1.09, -1.52, -1.16, -1.42, -1.61, -1.05, -1.09, -1.61, -1.57, -1.29, -0.41, -1.84, -1.12, -1.19, -1.44, -1.12, -1.37, -1.37, -0.97, -1.53, -1.44, -1.24, -1.72, -1.57, -1.54, -1.11, -0.73, -1.41, -0.99, -0.99, -1.84, -1.04, -1.58]"
DML1,5,-1.06,0.223855112,"[-1.19, -0.96, -1.11, -0.84, -1.15, -1.11, -1.47, -1.09, -0.62]"
DML1,6,-1.158888889,0.278106472,"[-0.82, -1.39, -1.04, -1.16, -1.62, -1.36, -1.12, -0.66, -1.26]"
DML1,7,-1.36,0.32393415,"[-1.36, -1.55, -0.7, -1.29, -1.69, -1.57]"
RUN2,1,-0.205,0.165,"[-0.04, -0.37]"
RUN2,2,-0.08,0.111055542,"[-0.12, -0.15, -0.2, -0.15, 0.03, 0.11]"
RUN2,3,-0.081666667,0.144846662,"[0.02, -0.22, 0.12, -0.27, -0.17, 0.03]"
RUN2,4,0.072592593,0.230242909,"[0.02, -0.1, -0.1, 0.15, 0.0, -0.1, 0.08, 0.28, 0.18, 0.48, 0.43, 0.52, -0.02, -0.37, 0.17, 0.32, -0.25, -0.18, -0.05, -0.13, 0.32, 0.0, 0.38, -0.08, 0.12, 0.12, -0.23]"
RUN2,5,-0.055238095,0.268197139,"[0.01, -0.45, -0.25, -0.11, 0.19, 0.12, -0.1, -0.14, 0.26, -0.16, -0.48, 0.05, -0.37, 0.32, 0.39, -0.51, 0.31, 0.23, -0.21, -0.21, -0.05]"
RUN2,6,0.303333333,0.17016332,"[0.12, 0.16, 0.64, 0.25, 0.29, 0.36]"
RUN2,7,0.528,0.413830883,"[0.91, 0.34, -0.02, 1.1, 0.31]"
OML1,2,-0.59,0,[-0.59]
OML1,4,-0.666071429,0.266596797,"[-0.29, -0.45, -0.24, -0.82, -0.74, -0.39, -0.54, -1.23, -0.45, -1.04, -0.52, -0.84, -0.39, -0.77, -0.82, -0.64, -0.3, -0.37, -0.84, -0.69, -0.92, -0.32, -0.57, -0.74, -1.12, -0.69, -0.94, -0.98]"
OML1,5,-0.414571429,0.291697915,"[-0.86, -0.22, -0.24, -0.26, -0.59, -0.23, -0.36, -0.39, -0.43, -0.76, -0.52, -1.16, -0.39, -0.29, -0.39, -0.41, -0.74, -0.79, -0.47, 0.11, -0.43, -0.31, -0.02, -0.41, -0.33, -0.64, -0.19, -0.49, -0.19, -0.31, -0.81, -0.19, -0.77, -0.46, 0.43]"
OML1,6,-0.56,0.178325545,"[-0.54, -0.45, -0.69, -0.53, -0.32, -0.35, -0.74, -0.86]"
OML1,7,-0.58,0,[-0.58]
YNG2,2,-0.014444444,0.355406219,"[-0.18, 0.56, 0.08, -0.35, 0.18, 0.55, -0.3, -0.25, -0.42]"
YNG2,3,-0.228571429,0.175126776,"[-0.23, -0.26, -0.03, -0.46, -0.01, -0.48, -0.13]"
YNG2,4,0.202439024,0.207467664,"[0.06, 0.47, 0.34, 0.27, 0.29, 0.24, -0.01, 0.29, 0.11, -0.01, 0.03, 0.28, 0.24, 0.32, 0.35, 0.45, -0.06, 0.04, -0.1, 0.35, -0.11, 0.35, 0.47, -0.06, 0.35, 0.33, 0.17, 0.14, -0.16, 0.45, 0.37, 0.32, 0.15, 0.44, 0.6, 0.47, 0.24, -0.18, -0.06, 0.25, -0.18]"
YNG2,5,0.479166667,0.552244788,"[-0.31, -0.08, 0.26, 0.86, 1.72, 0.3, 0.47, 0.21, 0.77, 1.12, 0.57, -0.14]"
YNG2,6,0.2625,0.224986111,"[-0.1, 0.51, 0.36, 0.28]"
HPK1,2,-0.23,0,[-0.23]
HPK1,3,0.036666667,0.105461947,"[0.09, 0.05, -0.12, -0.07, 0.07, 0.2]"
HPK1,4,-0.120789474,0.189630965,"[-0.45, 0.1, 0.0, -0.03, -0.27, 0.14, -0.22, -0.05, 0.04, -0.02, 0.02, 0.08, -0.07, -0.17, 0.0, -0.12, 0.04, -0.27, -0.24, -0.07, -0.16, -0.23, -0.07, -0.3, 0.05, 0.21, -0.52, 0.39, -0.25, 0.03, -0.35, -0.18, -0.37, -0.23, -0.09, -0.37, -0.31, -0.28]"
HPK1,5,-0.286666667,0.282126843,"[0.18, -0.71, -0.57, -0.26, -0.84, -0.17, -0.2, -0.32, -0.32, -0.07, -0.58, 0.19, -0.14, -0.22, -0.27]"
HPK1,6,-0.708461538,0.256390512,"[-0.63, -0.62, -0.99, -0.07, -0.78, -0.99, -0.79, -0.88, -0.63, -0.58, -0.56, -1.12, -0.57]"
LAW2,1,-0.57,0,[-0.57]
LAW2,2,-0.465,0.185,"[-0.65, -0.28]"
LAW2,3,-0.76,0.03,"[-0.73, -0.79]"
LAW2,4,-0.701,0.212365251,"[-0.99, -0.71, -0.5, -0.96, -0.54, -0.68, -0.63, -0.53, -1.01, -0.37, -0.42, -1.09, -0.47, -0.65, -0.48, -0.96, -0.78, -0.83, -0.81, -0.61]"
LAW2,5,-1.191111111,0.239881658,"[-1.41, -0.99, -0.85, -0.81, -1.36, -1.54, -1.28, -1.19, -1.29]"
LAW2,6,-1.552857143,0.122674283,"[-1.5, -1.51, -1.83, -1.45, -1.6, -1.45, -1.53]"
LAW2,7,-1.548333333,0.383293476,"[-1.89, -1.41, -1.16, -1.66, -2.24, -1.16, -1.52, -1.71, -1.09, -1.41, -2.19, -1.14]"
LAW2,8,-1.575,0.005,"[-1.57, -1.58]"
LAW2,9,-1.484285714,0.188289833,"[-1.18, -1.5, -1.72, -1.57, -1.37, -1.33, -1.72]"
LAW2,10,-1.995,0.175,"[-1.82, -2.17]"
LAW2,11,-2.26,0.31,"[-1.95, -2.57]"
BSP1,1,-0.45,0,[-0.45]
BSP1,2,0.298,0.137025545,"[0.12, 0.25, 0.24, 0.35, 0.53]"
BSP1,3,0.810697674,0.282599193,"[0.9, 0.57, 1.33, 0.9, 1.1, 1.05, 0.58, 1.03, 0.88, 1.17, 1.03, 0.88, 0.83, 0.95, 0.98, 0.85, 0.83, 1.0, 0.3, 0.43, 1.18, 0.13, 0.9, 0.87, 1.2, 0.88, 0.65, 0.91, 0.97, 0.73, 0.98, 0.2, 0.83, 0.83, 0.52, 0.98, 1.1, 0.16, 0.71, 0.68, 0.31, 0.65, 0.9]"
BSP1,4,0.678421053,0.362408074,"[0.52, 0.89, 0.54, 0.34, 0.73, 1.97, 0.33, 0.75, 0.53, 0.81, 0.73, 0.68, 1.03, 0.6, 0.41, 0.78, 0.3, 0.56, 0.39]"
BSP1,5,0.716,0.092649879,"[0.59, 0.78, 0.62, 0.77, 0.82]"
MUS2,1,0.358888889,0.84597668,"[-0.13, 0.11, 0.79, -0.33, 0.17, 2.56, 0.41, -0.06, -0.29]"
MUS2,2,0.2775,0.337666626,"[0.68, -0.24, -0.08, 0.38, -0.07, 0.45, 0.7, 0.4]"
MUS2,3,0.298,0.268618689,"[0.72, -0.07, 0.71, 0.04, 0.28, 0.12, 0.61, 0.12, 0.22, 0.23]"
MUS2,4,1.025,0.297497899,"[1.06, 1.09, 1.18, 0.99, 1.33, 0.42, 1.14, 1.38, 1.13, 0.53]"
MUS2,5,1.57,0.478487199,"[1.19, 1.12, 2.32, 1.65]"
MUS2,6,2.37,0.478278162,"[1.83, 2.89, 1.96, 2.8]"
MUS2,7,3.16,1.04,"[4.2, 2.12]"
MUS1,1,1.465185185,1.306645041,"[1.78, 2.57, -0.07, 0.05, 0.53, 3.08, 3.0, -0.15, 0.23, 3.83, 1.1, 0.26, 0.32, 1.57, 1.0, 2.79, 2.55, 2.95, 1.88, 0.11, 4.12, -0.03, 0.31, -0.13, 2.6, 1.48, 1.83]"
MUS1,2,1.14375,0.613655797,"[0.79, 1.37, 0.89, 1.87, 2.19, 0.39, 1.26, 0.39]"
MUS1,3,0.925,0.304562528,"[0.94, 1.57, 0.77, 0.9, 0.7, 0.67]"
MUS1,4,1.175,0.055,"[1.12, 1.23]"
MUS1,5,0.87,0.32,"[1.19, 0.55]"
MUS1,7,0.98,0,[0.98]
MUS1,9,0.5,0,[0.5]
MUS1,10,-0.28,0,[-0.28]
OSS1,1,0.08,0,[0.08]
OSS1,2,0.35,0.15,"[0.2, 0.5]"
OSS1,3,-0.133571429,0.196854085,"[-0.1, -0.05, 0.06, -0.33, 0.26, 0.16, -0.19, -0.25, -0.32, -0.15, -0.53, -0.18, -0.07, -0.18]"
OSS1,4,0.155686275,0.309130691,"[0.1, -0.05, -0.02, -0.37, -0.28, 0.1, 0.14, 0.22, 0.07, -0.1, 0.37, -0.08, -0.13, -0.52, 0.23, 0.15, -0.12, 0.1, 0.32, 0.6, 0.15, 0.57, 0.85, 0.39, -0.28, 0.59, 0.3, 0.13, 0.17, -0.4, 0.18, -0.17, 0.37, 0.22, 0.34, 0.68, 0.65, 0.48, 0.4, -0.43, 0.07, 0.24, 0.5, -0.38, 0.18, 0.08, 0.29, 0.4, 0.09, 0.02, 0.53]"
OSS1,5,0.348,0.347010086,"[1.01, 0.23, 0.16, 0.01, 0.33]"
WAR2,2,-0.46,0,[-0.46]
WAR2,4,-1.395,0.235,"[-1.63, -1.16]"
WAR2,5,-1.894084507,0.390642582,"[-1.84, -1.84, -2.22, -2.24, -1.97, -2.08, -1.85, -2.19, -2.0, -2.13, -1.65, -2.11, -2.39, -1.64, -2.14, -1.9, -1.84, -2.29, -1.99, -2.3, -0.23, -0.63, -1.15, -0.65, -1.2, -1.06, -1.88, -1.24, -1.96, -2.02, -1.89, -1.9, -1.91, -1.97, -2.31, -2.0, -1.96, -1.89, -2.34, -2.07, -1.83, -2.07, -1.96, -2.17, -2.01, -1.8, -2.1, -2.04, -2.24, -1.99, -2.02, -1.99, -1.92, -1.66, -2.09, -1.86, -1.9, -1.91, -1.72, -2.0, -1.77, -2.05, -2.31, -1.6, -2.01, -2.19, -2.15, -2.07, -2.09, -2.0, -2.09]"
KEN2,1,0.26,0,[0.26]
KEN2,2,-0.3875,0.221740276,"[-0.7, -0.48, -0.25, -0.12]"
KEN2,3,-1.165,0.035,"[-1.2, -1.13]"
KEN2,4,-1.512,0.384104153,"[-0.77, -1.59, -1.72, -1.87, -1.61]"
KEN2,5,-1.405555556,0.432900068,"[-1.56, -1.58, -0.26, -1.41, -1.63, -1.8, -1.33, -1.35, -1.73]"
KEN2,6,-1.31,0,[-1.31]
KEN2,8,-1.885,0.045,"[-1.93, -1.84]"
QPK1,1,-0.139333333,0.156502041,"[-0.23, -0.29, -0.36, -0.26, -0.38, -0.08, -0.36, -0.23, -0.31, -0.08, -0.33, -0.11, -0.09, -0.24, -0.01, 0.04, -0.01, -0.11, -0.14, -0.16, -0.16, -0.13, -0.06, 0.11, 0.01, -0.41, -0.07, 0.21, 0.14, -0.08]"
QPK1,2,1.04,1.002262957,"[2.07, 1.61, 0.35, 1.82, 1.96, 0.41, 2.39, 1.46, 0.48, 0.86, 0.61, 0.01, 1.57, 1.37, 1.84, 0.79, 0.08, 4.44, 0.09, -0.07, 1.09, -0.11, 1.32, 0.34, 2.12, -0.29, 0.69, -0.03, 0.89]"
QPK1,3,0.786,0.189799895,"[0.86, 0.95, 0.99, 0.5, 0.63]"
QPK1,4,0.8775,0.312839815,"[1.23, 1.11, 0.73, 0.44]"
QPK1,5,1.665,0.025,"[1.69, 1.64]"
QPK1,7,0.81,0,[0.81]
QPK1,8,1.41,0,[1.41]
QPK1,10,0,0,[-0.0]
STP1,1,0.048333333,0.129024115,"[-0.02, -0.13, -0.08, 0.17, 0.18, 0.17]"
STP1,2,-0.052333333,0.16875393,"[-0.04, -0.08, -0.23, -0.19, -0.28, -0.01, 0.01, -0.11, -0.16, -0.23, -0.03, -0.04, 0.43, -0.01, -0.09, -0.04, -0.03, -0.04, 0.03, -0.0, -0.14, 0.19, -0.34, -0.1, -0.23, 0.46, -0.11, -0.01, -0.09, -0.06]"
STP1,3,0.3185,0.253422079,"[0.42, 0.46, 0.99, 0.91, 0.16, 0.43, 0.36, 0.32, 0.41, 0.06, 0.39, 0.24, 0.24, 0.15, 0.02, -0.08, 0.15, 0.25, 0.27, 0.22]"
STP1,4,0.946363636,0.924940025,"[0.86, 2.01, 0.08, 3.41, 0.48, 0.97, 0.9, 0.73, 0.31, 0.43, 0.23]"
STP1,5,1.4,0.01,"[1.39, 1.41]"
STP1,7,1.27,0,[1.27]
STP1,8,1.35,0,[1.35]
STP1,9,1.14,0,[1.14]
KIP1,1,0.315714286,0.507764207,"[0.29, 1.42, 0.39, 0.19, -0.36, 0.29, -0.01]"
KIP1,2,-0.130714286,0.257500743,"[0.21, 0.12, -0.28, -0.39, -0.03, -0.41, -0.52, 0.28, -0.38, 0.09, -0.28, -0.35, 0.03, 0.08]"
KIP1,3,0.172857143,0.434501826,"[-0.16, 0.29, -0.06, 1.11, -0.14, -0.19, 0.36]"
KIP1,4,0.14,0.18,"[-0.04, 0.32]"
KIP1,5,1.09,0.639452891,"[1.3, 0.0, 1.44, 1.62]"
KIP1,6,0.493333333,0.245130351,"[0.8, 0.48, 0.2]"
FIN1,1,0.7725,0.128719657,"[0.6, 0.87, 0.92, 0.7]"
FIN1,2,-0.207142857,0.27306275,"[-0.68, -0.04, -0.23, -0.17, -0.3, -0.32, 0.29]"
FIN1,3,-0.4,0.18283482,"[-0.4, -0.21, -0.09, -0.48, -0.41, -0.53, -0.68]"
FIN1,4,0.64,1.21,"[1.85, -0.57]"
FIN1,5,-0.53,0.15,"[-0.38, -0.68]"
FIN1,7,-0.76,0.173781472,"[-0.95, -0.8, -0.53]"
FIN1,8,-0.545,0.055,"[-0.49, -0.6]"
KEN1,1,0.5625,0.11691343,"[0.48, 0.75, 0.45, 0.57]"
KEN1,2,-0.72,0,[-0.72]
KEN1,3,-0.688,0.735592278,"[0.68, -0.58, -0.99, -1.13, -1.42]"
KEN1,4,-1.662,0.149986666,"[-1.57, -1.67, -1.95, -1.57, -1.55]"
KEN1,5,-1.525,0.376286681,"[-0.93, -1.58, -1.15, -1.81, -2.03, -1.65]"
KEN1,6,-1.13,0,[-1.13]
KEN1,9,-2.39,0,[-2.39]
WIL2,1,0.57,0,[0.57]
WIL2,2,-0.265,0.075,"[-0.19, -0.34]"
WIL2,3,0.25,0.09,"[0.16, 0.34]"
WIL2,4,-0.505,0.375,"[-0.88, -0.13]"
WIL2,12,-0.89,0,[-0.89]
SHW2,1,1.244,1.284345748,"[3.74, 0.83, 0.04, 0.73, 0.88]"
SHW1,1,0.245,0.085,"[0.16, 0.33]"
SGU2,1,0.616,0.429818566,"[1.08, 0.62, 1.11, 0.29, 0.52, 1.45, 0.52, 0.07, 0.28, 0.22]"
SGU2,2,0.583333333,0.300333148,"[0.68, 1.03, 0.31, 0.05, 0.43, 0.45, 0.75, 1.0, 0.55]"
SGU2,3,0.4925,0.148218589,"[0.26, 0.67, 0.5, 0.54]"
SGU2,4,0.8075,0.414871968,"[1.09, 0.57, 1.31, 0.26]"
SGU2,5,1.355,0.259406374,"[1.38, 0.91, 1.5, 1.13, 1.54, 1.67]"
SGU2,6,2.13,0.8,"[2.93, 1.33]"
SGU2,7,3.755,0.415,"[4.17, 3.34]"
SPA2,1,0.654285714,0.500167319,"[0.14, 0.6, 1.35, 0.76, 0.14, 1.38, 0.21]"
SPA2,2,1.446923077,0.820303739,"[1.47, 0.95, 0.4, 2.8, 3.09, 1.21, 2.62, 0.61, 0.77, 1.3, 1.4, 1.02, 1.17]"
SPA2,3,1.002,0.389943586,"[1.36, 1.49, 0.49, 0.64, 1.03]"
SPA2,4,1.53,0.09,"[1.62, 1.44]"
SPA2,5,1.483333333,0.341987654,"[1.14, 1.36, 1.95]"
SPA2,6,1.88,0.66,"[2.54, 1.22]"
SPA2,7,3.97,0,[3.97]
SPA2,8,3.05,0,[3.05]
DUP2,1,-0.0075,0.155463018,"[-0.14, 0.25, -0.02, -0.12]"
DUP2,2,0.998333333,0.560963952,"[0.84, 1.08, 0.46, 1.21, 1.43, 1.3, 2.18, 0.05, 0.27, 0.68, 1.45, 1.03]"
DUP2,3,1.508888889,0.925159979,"[1.69, 1.04, 3.21, 2.92, 1.78, 0.98, 0.57, 0.75, 0.64]"
DUP2,4,1.4,0,[1.4]
DUP2,5,1.506666667,0.263860232,"[1.75, 1.14, 1.63]"
DUP2,6,1.15,0.05,"[1.1, 1.2]"
DUP2,7,3.09,0,[3.09]
DUP2,8,3.215,0.055,"[3.27, 3.16]"
SCW2,1,-0.153333333,0.338066397,"[-0.62, 0.17, -0.01]"
SCW2,2,-0.645,0.095,"[-0.74, -0.55]"
SCW2,3,0.072857143,0.569980308,"[1.3, 0.12, 0.03, 0.19, -0.07, -0.49, -0.57]"
SCW2,4,-0.16125,0.302631686,"[-0.22, 0.22, -0.17, 0.18, -0.59, 0.18, -0.39, -0.5]"
SCW2,5,1.0325,0.901037596,"[1.39, 0.78, 3.19, 0.76, -0.02, 0.54, 0.56, 1.06]"
SCW2,6,1.025,0.025,"[1.05, 1.0]"
SCW2,7,1.285,0.695,"[1.98, 0.59]"
SCW2,9,2.11,0.27,"[2.38, 1.84]"
SCW2,10,3.25,0,[3.25]
EGW2,1,0.5975,0.073612159,"[0.6, 0.68, 0.48, 0.63]"
EGW2,2,-0.055,0.315,"[-0.37, 0.26]"
EGW2,3,-1.17,0.09,"[-1.26, -1.08]"
EGW2,4,-1.01,0.4772316,"[-1.13, -1.32, -0.2, -1.39]"
EGW2,5,-0.581111111,0.412753476,"[-0.39, -1.24, -0.71, -0.68, 0.09, -0.94, 0.06, -0.63, -0.79]"
EGW2,6,-0.4975,0.500268678,"[-0.75, -0.65, -0.94, 0.35]"
EGW2,7,-1.0775,0.237946948,"[-0.96, -1.07, -0.82, -1.46]"
EGW2,8,-0.21,0,[-0.21]
EGW2,9,-0.63,0,[-0.63]
EGW2,10,0.93,1.125966252,"[0.21, 2.52, 0.06]"
EGW2,11,2.17,0,[2.17]
EGW2,13,2.3,0,[2.3]
GCN2,1,-0.19,0,[-0.19]
GCN2,2,-0.268,0.225424045,"[-0.49, -0.03, -0.45, 0.04, -0.41]"
GCN2,3,-0.7,0.16,"[-0.86, -0.54]"
GCN2,4,-0.39,0.566321463,"[-0.84, -0.86, -0.82, 0.08, 0.49]"
GCN2,5,-0.855,0.249949995,"[-0.74, -0.54, -1.22, -0.92]"
GCN2,6,-0.806,0.633106626,"[-1.31, -1.26, -0.99, 0.42, -0.89]"
GCN2,7,-0.935,0.414356931,"[-1.29, -1.15, -1.4, -1.01, -0.28, -0.48]"
GCN2,8,-0.58,0,[-0.58]
GCN2,10,-0.53,0.389444048,"[-0.08, -1.03, -0.48]"
GCN2,11,1.86,0,[1.86]
GCN2,12,2.09,0,[2.09]
GCN2,13,2.11,0,[2.11]
LWW2,1,-0.04,0.310419072,"[0.44, 0.04, -0.44, 0.07, -0.31]"
LWW2,2,0.075,0.218689277,"[0.41, -0.12, 0.13, -0.12]"
LWW2,3,0.125714286,0.544081326,"[0.04, 0.07, -0.15, -0.5, -0.41, 1.09, 0.74]"
LWW2,4,0.195,0.225,"[0.42, -0.03]"
LWW2,5,-0.225,0.289352726,"[-0.19, -0.08, -0.7, 0.07]"
LWW2,6,-0.452,0.177245592,"[-0.47, -0.34, -0.34, -0.32, -0.79]"
LWW2,7,-0.05,0,[-0.05]
LWW2,8,-0.766666667,0.579904207,"[-1.24, -1.11, 0.05]"
LWW2,10,-1.02,0,[-1.02]
LWW2,11,-0.765,0.235,"[-0.53, -1.0]"
LWW2,12,1.65,0,[1.65]
LWW2,13,1.3,0,[1.3]
YKD2,1,-0.44,0,[-0.44]
YKD2,2,-0.435714286,0.23014636,"[-0.75, -0.19, -0.49, -0.41, -0.08, -0.41, -0.72]"
YKD2,3,-0.2575,0.362827438,"[0.21, -0.01, -0.36, -0.59, -0.74, -0.44, -0.46, 0.33]"
YKD2,4,-0.096666667,0.146135401,"[-0.2, 0.11, -0.2]"
YKD2,5,-0.222857143,0.238190457,"[-0.21, -0.01, 0.09, -0.16, -0.13, -0.56, -0.58]"
YKD2,7,-0.746666667,0.220957512,"[-0.53, -0.66, -1.05]"
YKD2,8,-0.53,0,[-0.53]
YKD2,9,-0.71,0,[-0.71]
YKD2,10,-1.24,0,[-1.24]
YKD2,11,-0.81,0,[-0.81]
YKD2,12,1.14,0,[1.14]
YKD2,13,-0.62,0,[-0.62]
YKD2,14,-0.52,0,[-0.52]
SCW1,1,-0.084285714,0.173193298,"[0.3, -0.1, -0.2, -0.04, -0.14, -0.29, -0.12]"
SCW1,2,-0.513333333,0.110855261,"[-0.44, -0.67, -0.43]"
SCW1,3,-0.93,0.21,"[-0.72, -1.14]"
SCW1,4,-1.1875,0.125374439,"[-1.28, -1.17, -0.99, -1.31]"
SCW1,5,-0.9425,0.019202864,"[-0.93, -0.97, -0.95, -0.92]"
SCW1,6,-1.24,0,[-1.24]
SCW1,7,-0.7,0.679963234,"[0.47, -1.09, -0.98, -1.2]"
SCW1,8,-0.883333333,0.287788503,"[-0.58, -1.27, -0.8]"
SCW1,10,2.433333333,4.834337827,"[9.27, -1.02, -0.95]"
DUP1,1,-0.396666667,0.268369563,"[-0.75, -0.1, -0.34]"
DUP1,2,-0.825,0.025,"[-0.85, -0.8]"
DUP1,3,0.083076923,0.668469948,"[0.28, 1.73, -0.17, -0.13, 0.28, -0.34, 1.31, -0.05, -0.09, -0.29, -0.62, -0.26, -0.57]"
DUP1,4,-0.45,0.09,"[-0.36, -0.54]"
DUP1,5,-0.815,0.105,"[-0.71, -0.92]"
DUP1,6,-1.46,0,[-1.46]
DUP1,7,-1.3025,0.25616157,"[-1.0, -1.7, -1.32, -1.19]"
DUP1,9,-1.513333333,0.312018518,"[-1.56, -1.11, -1.87]"
DUP1,10,-0.955,0.325,"[-0.63, -1.28]"
DUP1,13,8.59,0,[8.59]
SPA1,1,0.64625,0.807851123,"[-0.19, 0.2, 1.07, 0.57, 2.0, 1.73, -0.13, -0.08]"
SPA1,2,-0.11,0,[-0.11]
SPA1,3,-0.501428571,0.15103723,"[-0.41, -0.57, -0.4, -0.29, -0.55, -0.49, -0.8]"
SPA1,4,0.621111111,1.127035881,"[0.53, 3.65, 0.25, 0.88, 0.32, 0.11, -0.11, -0.43, 0.39]"
SPA1,5,-0.28,0,[-0.28]
SPA1,6,-0.835,0.215,"[-1.05, -0.62]"
SPA1,7,-1.07,0,[-1.07]
SPA1,8,-0.596666667,0.302691629,"[-0.17, -0.78, -0.84]"
SPA1,10,-1.11,0,[-1.11]
SPA1,11,-0.88,0,[-0.88]
SGU1,1,0.390833333,0.353894013,"[0.16, 0.07, 0.16, 0.2, 0.99, 1.04, 0.54, -0.03, 0.84, 0.3, 0.18, 0.24]"
SGU1,2,0.231428571,0.245032276,"[0.04, 0.27, 0.02, 0.64, 0.45, -0.11, 0.31]"
SGU1,3,0.316666667,0.181903515,"[0.43, 0.46, 0.06]"
SGU1,4,0.18,0.162941707,"[0.42, 0.12, 0.21, -0.03]"
SGU1,5,0.63,0.350499643,"[1.05, 0.38, 0.89, 0.2]"
SGU1,8,-0.32,0,[-0.32]
SGU1,9,-0.5,0,[-0.5]
SGU1,11,-0.54,0,[-0.54]
WIL1,1,1.888333333,2.446275514,"[2.86, 0.94, 0.27, -0.15, 9.33, 2.29, 3.01, 0.63, 0.88, 0.43, 1.52, 0.65]"
WIL1,2,0.135,0.515,"[0.65, -0.38]"
WIL1,3,7.94,8.749106621,"[19.83, 4.96, -0.97]"
YKD1,1,3.697857143,7.08688142,"[0.29, 21.22, 0.34, 0.13, 0.58, 0.68, 0.02, 0.36, 6.82, 0.16, 0.83, 19.89, 0.54, -0.09]"
YKD1,2,1.096666667,1.614059754,"[1.17, -0.15, -0.08, 4.23, 0.23, -0.34, -0.51, 3.61, 2.46, 3.46, 0.18, 1.05, -0.71, -0.3, -0.59, -0.28, 3.48, 0.7, 2.16, 2.8, 2.35, 2.65, -0.51, -0.74]"
YKD1,3,1.25,0,[1.25]
LWW1,1,2.66,2.52,"[5.18, 0.14]"
LWW1,2,4.414166667,6.830805783,"[7.84, -0.36, -0.4, 22.75, 7.21, 0.4, 1.71, 3.1, -0.17, 12.2, -0.57, -0.74]"
LWW1,3,-0.273333333,0.28003968,"[0.12, -0.51, -0.43]"
LWW1,4,0.731176471,1.487619031,"[3.97, 0.04, 2.82, 0.39, 2.15, 0.14, -0.6, -0.35, -0.71, 3.22, -0.8, 0.6, -0.41, 1.74, 1.39, -0.73, -0.43]"
GCN1,1,-0.262857143,0.36279527,"[-0.4, -0.56, 0.33, -0.68, -0.54, -0.18, 0.19]"
GCN1,2,0.5625,1.369988595,"[-0.27, 2.93, -0.08, -0.33]"
GCN1,3,2.181,5.941360871,"[0.67, -0.08, 0.64, 1.99, 19.87, 0.15, -0.03, -0.1, -0.5, -0.8]"
GCN1,4,5.085,5.225,"[10.31, -0.14]"
GCN1,5,0.473076923,1.386697153,"[4.36, -0.81, 1.69, -0.5, -0.46, 0.31, 0.07, 1.98, -0.57, 0.56, 0.16, -0.45, -0.19]"
EGW1,1,-0.43,0.15,"[-0.28, -0.58]"
EGW1,2,-0.256666667,0.206370756,"[-0.05, 0.1, -0.35, -0.37, -0.42, -0.45]"
EGW1,3,-1.59E-17,0.71163795,"[1.44, -0.36, 0.57, -0.26, -0.06, -0.49, -0.84]"
EGW1,4,0.685,1.952133448,"[4.06, -0.26, -0.59, -0.47]"
EGW1,5,1.42,3.5734737,"[10.07, 0.6, 0.81, -0.82, 0.13, -0.3, -0.55]"
EGW1,6,-0.37,0,[-0.37]
EGW1,7,0.483333333,1.410173354,"[3.49, 0.16, -0.59, 0.32, 0.29, -0.77]"
